effect,component,term,estimate,std.error,statistic,p.value,species,annotation,logOR,SE,OR,CI_low,CI_high,p_adj
fixed,cond,host_type_2domestic,0.6211375820880591,0.6703791274429484,0.9265467205956829,0.35416192880809766,lactococcus_lactis,K00980,0.6211375820880591,0.6703791274429484,1.8610439283588562,0.5001708656183228,6.924602653534656,0.5845029532604212
fixed,cond,host_type_2domestic,-1.4428757676584227,0.6970273631347941,-2.07004178597705,0.03844843156513847,lactococcus_lactis,K01153,-1.4428757676584227,0.6970273631347941,0.23624738825884142,0.06026225050459314,0.9261656840192144,0.14628976249954026
fixed,cond,host_type_2domestic,0.6552078180314531,0.7276891872338372,0.9003951543131933,0.36790999861976414,lactococcus_lactis,K01154,0.6552078180314531,0.7276891872338372,1.9255426382793197,0.46252115203446026,8.01631327675029,0.5912265480003197
fixed,cond,host_type_2domestic,92.23051231907976,NA,NA,NA,lactococcus_lactis,K03427,92.23051231907976,NA,11355403299908813e24,NA,NA,NA
fixed,cond,host_type_2domestic,-0.17226945112339187,1.1301088795646954,-0.15243615393036114,0.878842943548609,lactococcus_lactis,K03741,-0.17226945112339187,1.1301088795646954,0.8417523314971611,0.0918789935603574,7.711740846567348,0.9625422715056196
fixed,cond,host_type_2domestic,-1.3032699375180854,1.081389594099367,-1.205180764295694,0.22813352651927335,lactococcus_lactis,K03892,-1.3032699375180854,1.081389594099367,0.2716420865341963,0.032621178902766716,2.262009702242657,0.4618972085015275
fixed,cond,host_type_2domestic,-0.6120239257826963,0.6781045864522939,-0.902550930948103,0.36676427910841186,lactococcus_lactis,K04095,-0.6120239257826963,0.6781045864522939,0.54225227934857545,0.14354468260251818,2.0484042259714275,0.5912265480003197
fixed,cond,host_type_2domestic,-0.1993576095049717,0.8170390440804455,-0.24400010127954544,0.8072307414789022,lactococcus_lactis,K06075,-0.1993576095049717,0.8170390440804455,0.8192568668989131,0.16517427738796886,4.063476617394372,0.9271398576750051
fixed,cond,host_type_2domestic,78.24445634980141,NA,NA,NA,lactococcus_lactis,K06223,78.24445634980141,NA,95749305425431e20,NA,NA,NA
fixed,cond,host_type_2domestic,-4.037362685043722,1.0886973851100743,-3.7084342630578826,2.085447836255294e-4,lactococcus_lactis,K06909,-4.037362685043722,1.0886973851100743,0.017643943745648993,0.0020887080545514006,0.14904368766198248,0.0033367165380084702
fixed,cond,host_type_2domestic,0.9876139601522788,0.6622728550552428,1.4912493432482568,0.13589604319211315,lactococcus_lactis,K07455,0.9876139601522788,0.6622728550552428,2.6848207344186967,0.733123697838021,9.832259408912423,0.32973455567961646
fixed,cond,host_type_2domestic,-0.15235318718879434,0.6757755203013461,-0.22544940237085836,0.821629683160475,lactococcus_lactis,K07741,-0.15235318718879434,0.6757755203013461,0.8586849506543447,0.22835057826780905,3.2289817265779104,0.9352191923634942
fixed,cond,host_type_2domestic,-0.23297480200400003,1.0921769634851515,-0.21331232006631443,0.8310833646680907,lactococcus_lactis,K08217,-0.23297480200400003,1.0921769634851515,0.7921735344583778,0.09314092125164487,6.737520954949714,0.9381554545946545
fixed,cond,host_type_2domestic,-1.063298784388568,0.7137551816864126,-1.4897247847311976,0.13629661501032683,lactococcus_lactis,K12063,-1.063298784388568,0.7137551816864126,0.34531481030284517,0.08524217631219541,1.3988652492607727,0.32973455567961646
fixed,cond,host_type_2domestic,-1.3347115222271029,1.0795612425067953,-1.2363462763148443,0.21632987659032174,lactococcus_lactis,K20283,-1.3347115222271029,1.0795612425067953,0.263234101691393,0.03172495900629059,2.184153879585314,0.44474522114658327
fixed,cond,host_type_2domestic,2.136291360679612,1.3245589342208826,1.6128322458797937,0.10678095842011845,lactococcus_lactis,K20331,2.136291360679612,1.3245589342208826,8.467974658760337,0.6313820384818373,113.57085005748068,0.28682768393141306
fixed,cond,host_type_2domestic,2.4227861866145877,0.8182324497481108,2.960999881342315,0.003066420572509278,lactococcus_lactis,K00558,2.4227861866145877,0.8182324497481108,11.277236068021598,2.268345214152636,56.06556380413867,0.028934430017523445
fixed,cond,host_type_2domestic,1.6586040966094258,0.7026385442423241,2.360536737132671,0.018248510768045772,lactococcus_lactis,K01160,1.6586040966094258,0.7026385442423241,5.251974476228957,1.325026620121982,20.817118297910966,0.09199249263891567
fixed,cond,host_type_2domestic,-0.4053053228366826,0.7350568932311408,-0.5513931323806158,0.5813642074891505,lactococcus_lactis,K07483,-0.4053053228366826,0.7350568932311408,0.6667731986918854,0.157864717105999,2.816249929965598,0.7640786727000264
fixed,cond,host_type_2domestic,0.8758333722183169,0.7326360862495703,1.1954548631391968,0.23190936135469206,lactococcus_lactis,K07497,0.8758333722183169,0.7326360862495703,2.400875283244296,0.5711328942972903,10.09257597180693,0.4638187227093841
fixed,cond,host_type_2domestic,1.8771295928100684,0.7210844483194899,2.603203545971319,0.009235710293337062,lactococcus_lactis,K22299,1.8771295928100684,0.7210844483194899,6.534720606843593,1.5901113959180826,26.855082932633866,0.06174353276082484
fixed,cond,host_type_2domestic,106.21647550107514,NA,NA,NA,lactococcus_lactis,K02315,106.21647550107514,NA,13465708144041246e30,NA,NA,NA
fixed,cond,host_type_2domestic,-2.8843670111984028,1.1078811660154897,-2.6034985517192872,0.009227765751215328,lactococcus_lactis,K03205,-2.8843670111984028,1.1078811660154897,0.055890156184942134,0.006372177082542568,0.49021072671301713,0.06174353276082484
fixed,cond,host_type_2domestic,45.168238107736684,NA,NA,NA,lactococcus_lactis,K07317,45.168238107736684,NA,4133486918068679e4,NA,NA,NA
fixed,cond,host_type_2domestic,-1.778887129864986,0.7239950793414949,-2.4570431217335917,0.014008587045452126,lactococcus_lactis,K12988,-1.778887129864986,0.7239950793414949,0.1688259240925447,0.04084718031584817,0.6977762583686392,0.07694268705561765
fixed,cond,host_type_2domestic,0.686292105563676,0.7288134269728247,0.9416567809600273,0.34636838896174155,lactococcus_lactis,K00986,0.686292105563676,0.7288134269728247,1.9863367348664187,0.47607388733509026,8.287649730939085,0.5845029532604212
fixed,cond,host_type_2domestic,0.8669209815452098,1.135826113245537,0.7632514972455149,0.4453134221176838,lactococcus_lactis,K06400,0.8669209815452098,1.135826113245537,2.3795728137335725,0.2568409646004524,22.04619806138954,0.6555013573572306
fixed,cond,host_type_2domestic,1.153409516307226,0.7579682798630775,1.521712117709705,0.12808122997936006,lactococcus_lactis,K07486,1.153409516307226,0.7579682798630775,3.1689791974797417,0.7173378770404719,13.99958021942393,0.32697733732376605
fixed,cond,host_type_2domestic,0.6556590020592531,0.727520872459535,0.9012236306604675,0.36746942914594044,lactococcus_lactis,K01156,0.6556590020592531,0.727520872459535,1.9264116083805332,0.46288255963760383,8.017285610865757,0.5912265480003197
fixed,cond,host_type_2domestic,1.5290412062914138,0.8582399861457258,1.7816009868733715,0.07481432339678325,lactococcus_lactis,K07316,1.5290412062914138,0.8582399861457258,4.613751065450377,0.8580360478597238,24.808630065184104,0.21850532547631932
fixed,cond,host_type_2domestic,1.1732591804766737,1.145989842696424,1.0237954445705095,0.30593190250322,lactococcus_lactis,K06904,1.1732591804766737,1.145989842696424,3.2325108250554955,0.3420217623956065,30.551056637193636,0.538674354646818
fixed,cond,host_type_2domestic,0.8565887300475138,0.8721846605607959,0.9821185452823095,0.326041450105794,lactococcus_lactis,K07451,0.8565887300475138,0.8721846605607959,2.3551130487871523,0.42618012022229124,13.014585170407498,0.571348826852058
fixed,cond,host_type_2domestic,281.5553577272307,NA,NA,NA,lactococcus_lactis,K10421,281.5553577272307,NA,1896436088667224e107,NA,NA,NA
fixed,cond,host_type_2domestic,396.92320865616387,NA,NA,NA,lactococcus_lactis,K07482,396.92320865616387,NA,24074609903846547e156,NA,NA,NA
fixed,cond,host_type_2domestic,169.82240917711698,NA,NA,NA,lactococcus_lactis,K15773,169.82240917711698,NA,5661548200968895e58,NA,NA,NA
fixed,cond,host_type_2domestic,1613.6205057665436,NA,NA,NA,lactococcus_lactis,K16566,1613.6205057665436,NA,Inf,NA,NA,NA
fixed,cond,host_type_2domestic,1315.6167003643877,NA,NA,NA,lactococcus_lactis,K03580,1315.6167003643877,NA,Inf,NA,NA,NA
fixed,cond,host_type_2domestic,-2.107935393106006,1.3956992240547665,-1.510307777475193,0.130964908108612,lactococcus_lactis,K07493,-2.107935393106006,1.3956992240547665,0.12148853374718989,0.00787938146680579,1.8731754382270582,0.32740745172326796
fixed,cond,host_type_2domestic,1.5372265708082689,0.7619745332413754,2.0174251287231826,0.04365116709680739,lactococcus_lactis,K07485,1.5372265708082689,0.7619745332413754,4.651671283392737,1.0447279176757502,20.711656463512238,0.15595756787985554
fixed,cond,host_type_2domestic,-2.202527297389745,1.3019783162824439,-1.6916774034137918,0.09070749915071177,lactococcus_lactis,K22721,-2.202527297389745,1.3019783162824439,0.11052347939425676,0.008613670047453297,1.4181457416080487,0.25481190601115977
fixed,cond,host_type_2domestic,1009.2995859123208,NA,NA,NA,lactococcus_lactis,K07492,1009.2995859123208,NA,Inf,NA,NA,NA
fixed,cond,host_type_2domestic,0.02572426892605438,0.7606894765450887,0.033817043247251516,0.9730230451724696,lactococcus_lactis,K18831,0.02572426892605438,0.7606894765450887,1.026057993393032,0.2310255184451042,4.557050722757704,0.999672712609212
fixed,cond,host_type_2domestic,0.0715510994678843,0.8549595019956517,0.08368946049592908,0.933303337053094,parabacteroides_goldsteinii,K02315,0.0715510994678843,0.8549595019956517,1.0741730389696282,0.2010564580700271,5.73892392577296,0.9984175233591237
fixed,cond,host_type_2domestic,1315.6167003643877,NA,NA,NA,parabacteroides_goldsteinii,K03427,1315.6167003643877,NA,Inf,NA,NA,NA
fixed,cond,host_type_2domestic,-0.7544896939016419,0.8363406762185067,-0.9021320083498127,0.3669867474386157,parabacteroides_goldsteinii,K06075,-0.7544896939016419,0.8363406762185067,0.47025052522221517,0.091289690264075,2.4223497290010205,0.5912265480003197
fixed,cond,host_type_2domestic,0.4542691583253337,0.7765234806132144,0.5850037631400418,0.5585451864363852,parabacteroides_goldsteinii,K06871,0.4542691583253337,0.7765234806132144,1.5750218706770345,0.34379254730705405,7.21567094034585,0.7529107275039918
fixed,cond,host_type_2domestic,0.09408754696467544,1.1145937340006147,0.08441420770146152,0.9327271114925297,parabacteroides_goldsteinii,K06909,0.09408754696467544,1.1145937340006147,1.098655925698506,0.12362330849553982,9.763893700644564,0.9984175233591237
fixed,cond,host_type_2domestic,888.9729082140711,NA,NA,NA,parabacteroides_goldsteinii,K07486,888.9729082140711,NA,Inf,NA,NA,NA
fixed,cond,host_type_2domestic,-0.16972716259472215,0.771801104156957,-0.21991049466055915,0.8259408628210207,parabacteroides_goldsteinii,K07487,-0.16972716259472215,0.771801104156957,0.8438950313200339,0.18591655652878228,3.830529336296037,0.9352191923634942
fixed,cond,host_type_2domestic,0.27827857183066157,0.7402983947205399,0.3759005474214364,0.7069908335288918,parabacteroides_goldsteinii,K07493,0.27827857183066157,0.7402983947205399,1.320854098707533,0.3095281363874581,5.636500676269964,0.8730625058343362
fixed,cond,host_type_2domestic,0.24572064907992738,1.1169065653290715,0.2200010786108427,0.8258703146734375,parabacteroides_goldsteinii,K07497,0.24572064907992738,1.1169065653290715,1.278542361665245,0.1432138632172521,11.414192270568003,0.9352191923634942
fixed,cond,host_type_2domestic,0.9094984022156053,0.7555279165045349,1.203791921314328,0.22867001296665182,parabacteroides_goldsteinii,K09144,0.9094984022156053,0.7555279165045349,2.483076715182295,0.5647702237776432,10.917130036069313,0.4618972085015275
fixed,cond,host_type_2domestic,-1.472740259002695,1.1061254033384502,-1.33144058942842,0.1830440812951195,parabacteroides_goldsteinii,K09384,-1.472740259002695,1.1061254033384502,0.22929629227548007,0.026232765720467996,2.0042411925426373,0.39623659950943513
fixed,cond,host_type_2domestic,-1.141159584704033,2.7414348638739945,-0.4162636142634555,0.6772171146358099,parabacteroides_goldsteinii,K12063,-1.141159584704033,2.7414348638739945,0.3194483795076544,0.001481986416363221,68.85843624699972,0.8508886848682038
fixed,cond,host_type_2domestic,-2.219958231789326,1.4374004366068522,-1.5444257391696574,0.1224852285533048,parabacteroides_goldsteinii,K15342,-2.219958231789326,1.4374004366068522,0.10861364532783664,0.006491490669288256,1.8172904425809704,0.3196777596284835
fixed,cond,host_type_2domestic,-1.7736623401162035,0.8089001215098823,-2.1926839827956863,0.02833015554625992,parabacteroides_goldsteinii,K15773,-1.7736623401162035,0.8089001215098823,0.16971031240971227,0.03476630604669592,0.8284340044501033,0.12265290871792528
fixed,cond,host_type_2domestic,1.6568686594439046,0.8424216373891502,1.966792620117053,0.04920712373248575,parabacteroides_goldsteinii,K16566,1.6568686594439046,0.8424216373891502,5.242867908753917,1.0057386535077157,27.33082179229456,0.16885525716827224
fixed,cond,host_type_2domestic,-2.0849251130392945,1.8722933851567514,-1.1135675260983424,0.26546476432147054,parabacteroides_goldsteinii,K18234,-2.0849251130392945,1.8722933851567514,0.12431642949677205,0.0031681097955428934,4.878168889401628,0.5009796577964162
fixed,cond,host_type_2domestic,0.6041523688167009,0.7738608583198642,0.780698961992187,0.4349795712747444,parabacteroides_goldsteinii,K18799,0.6041523688167009,0.7738608583198642,1.8297006400809845,0.40147303299586135,8.338802751783522,0.6480667296724937
fixed,cond,host_type_2domestic,1.1632803761476116,0.7923852021317463,1.4680743317997982,0.14208403303795525,parabacteroides_goldsteinii,K19158,1.1632803761476116,0.7923852021317463,3.2004146391552375,0.6771959426987462,15.125096322491762,0.33733499456753246
fixed,cond,host_type_2domestic,121196.1982777449,NA,NA,NA,parabacteroides_goldsteinii,K22721,121196.1982777449,NA,Inf,NA,NA,NA
fixed,cond,host_type_2domestic,0.6454203258033068,0.7612523672933041,0.8478401559500592,0.39652699625205806,parabacteroides_goldsteinii,K00558,0.6454203258033068,0.7612523672933041,1.9067883331936535,0.42885589992479056,8.478003329885532,0.6120229108662743
fixed,cond,host_type_2domestic,1.811164763793875,0.7967940720578038,2.273065058223078,0.023022259699855597,parabacteroides_goldsteinii,K00986,1.811164763793875,0.7967940720578038,6.117568806718516,1.2833173211921045,29.162427317797547,0.10724293126008683
fixed,cond,host_type_2domestic,-0.7949609304488362,0.8650013950340415,-0.9190284952286708,0.35808066787215576,parabacteroides_goldsteinii,K07455,-0.7949609304488362,0.8650013950340415,0.45159887834341267,0.0828798206276022,2.460690013283016,0.5882753829328273
fixed,cond,host_type_2domestic,-0.7298596393834742,0.8095990661685215,-0.901507511412508,0.36731854188175095,parabacteroides_goldsteinii,K15915,-0.7298596393834742,0.8095990661685215,0.48197663588045214,0.09860100654349493,2.355974707338966,0.5912265480003197
fixed,cond,host_type_2domestic,235343.63382903108,NA,NA,NA,parabacteroides_goldsteinii,K19171,235343.63382903108,NA,Inf,NA,NA,NA
fixed,cond,host_type_2domestic,0.2155887797629412,1.312130319900873,0.16430439605970557,0.8694915211709018,parabacteroides_goldsteinii,K19429,0.2155887797629412,1.312130319900873,1.2405921175082812,0.09478096820159408,16.238162905765677,0.9607509672404085
fixed,cond,host_type_2domestic,2.0490563719637325,1.5069443467579704,1.3597425653920518,0.17391140322959978,parabacteroides_goldsteinii,K06904,2.0490563719637325,1.5069443467579704,7.760574554353474,0.40472212936564267,148.80954868486447,0.3809487880267424
fixed,cond,host_type_2domestic,-2.1299515379931924,0.8384922371248849,-2.5402161686035476,0.011078397268789324,parabacteroides_goldsteinii,K10421,-2.1299515379931924,0.8384922371248849,0.1188430530857042,0.022973903842546245,0.6147701915847381,0.06575564830507212
fixed,cond,host_type_2domestic,-1.2903939258527146,1.1761798037552622,-1.0971060051641712,0.27259505542305895,parabacteroides_goldsteinii,K12988,-1.2903939258527146,1.1761798037552622,0.2751623681669187,0.027441293412451682,2.7591384894733504,0.5092130984552573
fixed,cond,host_type_2domestic,-0.12551172664980226,1.1502036067768653,-0.10912131200971882,0.9131062712868017,parabacteroides_goldsteinii,K03892,-0.12551172664980226,1.1502036067768653,0.8820454209286248,0.09255883376655087,8.405509154787033,0.9883032583339499
fixed,cond,host_type_2domestic,0.9056395800334003,0.7655765951138295,1.1829509755307313,0.23682857730729295,parabacteroides_goldsteinii,K07451,0.9056395800334003,0.7655765951138295,2.4735134270546624,0.5516229396859733,11.091396375398558,0.4651702433892624
fixed,cond,host_type_2domestic,-0.7216800405950041,0.7682503964635895,-0.9393812797455646,0.3475350209341062,parabacteroides_goldsteinii,K07458,-0.7216800405950041,0.7682503964635895,0.48593517896369637,0.10780288938526185,2.190414371089781,0.5845029532604212
fixed,cond,host_type_2domestic,519.3275904370328,NA,NA,NA,parabacteroides_goldsteinii,K12984,519.3275904370328,NA,3476216582296553e210,NA,NA,NA
fixed,cond,host_type_2domestic,-0.5980159020112373,0.8672320442607142,-0.6895685024197019,0.49046558073797475,parabacteroides_goldsteinii,K17716,-0.5980159020112373,0.8672320442607142,0.5499016131104422,0.10048058956813076,3.0094547155939,0.6968777363381263
fixed,cond,host_type_2domestic,-2.1353819639238267,0.8515701539324542,-2.5075819696860857,0.012156038326273752,parabacteroides_goldsteinii,K19068,-2.1353819639238267,0.8515701539324542,0.11819943383355808,0.022271232279545288,0.6273162608700932,0.06924637181684536
fixed,cond,host_type_2domestic,0.544442089811692,0.8373608035264637,0.650188171596792,0.5155706805962559,parabacteroides_goldsteinii,K19430,0.544442089811692,0.8373608035264637,1.7236464741432185,0.33394295797385865,8.896600742390614,0.7214068838761298
fixed,cond,host_type_2domestic,-0.5813805923157833,0.7406347471002596,-0.7849761229702095,0.4324675681064133,parabacteroides_goldsteinii,K21029,-0.5813805923157833,0.7406347471002596,0.5591259085304102,0.1309388712152391,2.3875399160579653,0.6469433539152849
fixed,cond,host_type_2domestic,1234.9511009586552,NA,NA,NA,parabacteroides_goldsteinii,K24258,1234.9511009586552,NA,Inf,NA,NA,NA
fixed,cond,host_type_2domestic,1.0204809934480368,0.8045397181204744,1.26840349887515,0.20465389277780735,parabacteroides_goldsteinii,K03741,1.0204809934480368,0.8045397181204744,2.7745289733231515,0.5732594605237233,13.428493647146801,0.4280838319836449
fixed,cond,host_type_2domestic,2.135036218992803,0.8521710263608654,2.5054081316403356,0.012231016761127575,parabacteroides_goldsteinii,K20283,2.135036218992803,0.8521710263608654,8.457352818115229,1.5916655876140013,44.93834461628617,0.06924637181684536
fixed,cond,host_type_2domestic,-0.3253657315078699,1.1286398494335146,-0.2882812720737949,0.773131441646429,parabacteroides_goldsteinii,K06400,-0.3253657315078699,1.1286398494335146,0.7222631509401187,0.07906382538819445,6.598011880207377,0.9170572324615931
fixed,cond,host_type_2domestic,-0.25129915632231536,1.1291245377424033,-0.22256106206386098,0.8238771442941653,parabacteroides_goldsteinii,K01153,-0.25129915632231536,1.1291245377424033,0.7777896560584948,0.08506128772111288,7.11201023731312,0.9352191923634942
fixed,cond,host_type_2domestic,258.8335332437443,NA,NA,NA,parabacteroides_goldsteinii,K07317,258.8335332437443,NA,25702491208987685e96,NA,NA,NA
fixed,cond,host_type_2domestic,-0.21517044663567636,0.8642050626195739,-0.24898077544634237,0.8033756522032303,parabacteroides_goldsteinii,K07741,-0.21517044663567636,0.8642050626195739,0.8064039796174929,0.14822670756460213,4.387113422589604,0.9267781818520023
fixed,cond,host_type_2domestic,-0.25549559959080176,0.651729331701729,-0.3920271609130707,0.6950381453258396,parabacteroides_goldsteinii,K22299,-0.25549559959080176,0.651729331701729,0.7745325448131563,0.2159118428144229,2.778451867924452,0.8641014779726655
fixed,cond,host_type_2domestic,-2.037101247535558,0.8468989074070553,-2.405365303602218,0.01615630664677996,parabacteroides_goldsteinii,K03205,-2.037101247535558,0.8468989074070553,0.13040617875318458,0.02479723544409334,0.6857930391211525,0.08438192426742719
fixed,cond,host_type_2domestic,-0.6381022866363201,1.534221619253232,-0.4159127199282398,0.6774738713760426,parabacteroides_goldsteinii,K06223,-0.6381022866363201,1.534221619253232,0.5282940239969413,0.026116795643505233,10.686401946108823,0.8508886848682038
fixed,cond,host_type_2domestic,-0.34841704284996855,0.6769868288679897,-0.5146585250891326,0.6067916605120243,parabacteroides_goldsteinii,K01154,-0.34841704284996855,0.6769868288679897,0.7058044641221844,0.18724989310903833,2.6604017407087017,0.783506424801491
fixed,cond,host_type_2domestic,-0.4921224007033889,0.6256949744670108,-0.7865212616140895,0.4315621679316538,parabacteroides_goldsteinii,K07485,-0.4921224007033889,0.6256949744670108,0.6113275343325847,0.17933771931176534,2.0838971057921767,0.6469433539152849
fixed,cond,host_type_2domestic,-1.2839371242224504,0.6243889175310997,-2.056309918662994,0.039752652853135936,parabacteroides_goldsteinii,K03580,-1.2839371242224504,0.6243889175310997,0.27694478515830206,0.08145216182170137,0.9416375490962509,0.14628976249954026
fixed,cond,host_type_2domestic,-0.9890804737896437,0.7110722614672619,-1.390970408195541,0.16423440034528836,parabacteroides_goldsteinii,K07341,-0.9890804737896437,0.7110722614672619,0.3719185226660903,0.09229344981291707,1.4987346099047638,0.3712004807469856
fixed,cond,host_type_2domestic,-1.0519011249991899,0.6172982412101661,-1.7040403726681903,0.08837354500013103,enterococcus_faecalis,K00980,-1.0519011249991899,0.6172982412101661,0.3492731056934521,0.10416223141762088,1.171170209206101,0.25016511200037095
fixed,cond,host_type_2domestic,-0.9389483715813906,0.6769387496421037,-1.387050707435216,0.16542630120246096,enterococcus_faecalis,K01156,-0.9389483715813906,0.6769387496421037,0.391038846769045,0.1037523654223239,1.4738110216575693,0.3712004807469856
fixed,cond,host_type_2domestic,-1.3854513134826807,0.68285586043326,-2.028907407492463,0.042467722145331656,enterococcus_faecalis,K01160,-1.3854513134826807,0.68285586043326,0.25021085077543836,0.06562170296066307,0.954036043278205,0.15321687989688285
fixed,cond,host_type_2domestic,-2.086182057322365,0.8032092521903826,-2.597308299964506,0.00939575498534291,enterococcus_faecalis,K03427,-2.086182057322365,0.8032092521903826,0.12416026883461008,0.025720364917876794,0.5993605614190957,0.06174353276082484
fixed,cond,host_type_2domestic,-0.8897000495973468,1.0782151595522984,-0.8251600264707577,0.409280744366421,enterococcus_faecalis,K06075,-0.8897000495973468,1.0782151595522984,0.4107789475859817,0.04963784350286003,3.3994092384397048,0.6223773302762104
fixed,cond,host_type_2domestic,-0.6761025268582521,1.1057999704064727,-0.6114148534564788,0.5409249717396314,enterococcus_faecalis,K07316,-0.6761025268582521,1.1057999704064727,0.5085953713215638,0.05822325294763515,4.442713840849143,0.7345401830265106
fixed,cond,host_type_2domestic,-1.5281705020773613,1.1885256040931431,-1.2857699462380288,0.19852336183770478,enterococcus_faecalis,K07341,-1.5281705020773613,1.1885256040931431,0.2169321814698528,0.021116919535685445,2.2285244435270615,0.4247476578853218
fixed,cond,host_type_2domestic,-30.01917256290612,NA,NA,NA,enterococcus_faecalis,K07482,-30.01917256290612,NA,9.179922285920087e-14,NA,NA,NA
fixed,cond,host_type_2domestic,0.38835347686865235,0.693409534464218,0.5600636529590328,0.5754360213246666,enterococcus_faecalis,K09384,0.38835347686865235,0.693409534464218,1.4745509118184297,0.3788067074668171,5.739867717983922,0.761728258444163
fixed,cond,host_type_2domestic,-1.311484063957666,0.6807483103885446,-1.9265329695921274,0.05403785922567098,enterococcus_faecalis,K09952,-1.311484063957666,0.6807483103885446,0.2694199231490469,0.07095206631097359,1.0230441305472153,0.17755296602720466
fixed,cond,host_type_2domestic,0.25149069554070097,0.6807462969884889,0.36943380618191385,0.7118044036791964,enterococcus_faecalis,K12063,0.25149069554070097,0.6807462969884889,1.2859409350231472,0.33865545459972146,4.88296900554209,0.873832646638427
fixed,cond,host_type_2domestic,-0.44734869029365815,0.9876790809079837,-0.4529291942504298,0.6505997279943037,enterococcus_faecalis,K19171,-0.44734869029365815,0.9876790809079837,0.6393209443965464,0.09225491771918465,4.430455091708302,0.8284453283802897
fixed,cond,host_type_2domestic,-1.3100988525967854,0.8793307502316493,-1.48988176775537,0.13625532628695392,enterococcus_faecalis,K21029,-1.3100988525967854,0.8793307502316493,0.2697933852897237,0.04814263446505057,1.5119336852853469,0.32973455567961646
fixed,cond,host_type_2domestic,-0.8647170308697968,0.9254150550493895,-0.9344099451933454,0.35009246961570223,enterococcus_faecalis,K07485,-0.8647170308697968,0.9254150550493895,0.42117071407764967,0.06866397911238815,2.5833744663462728,0.5845029532604212
fixed,cond,host_type_2domestic,-0.7921381617749207,0.6778122471196409,-1.1686690011003888,0.24253701596813873,enterococcus_faecalis,K15342,-0.7921381617749207,0.6778122471196409,0.4528754383795779,0.11995361337628727,1.7097956194459982,0.46783289292363456
fixed,cond,host_type_2domestic,-1.6924069579085022,0.6681717434536599,-2.53289214111443,0.011312575608745878,enterococcus_faecalis,K00558,-1.6924069579085022,0.6681717434536599,0.1840759273388415,0.049686422363841146,0.681955862660645,0.0660798067304521
fixed,cond,host_type_2domestic,-0.10388102614877473,1.0421654622112801,-0.09967805489193494,0.9205999234175188,enterococcus_faecalis,K01153,-0.10388102614877473,1.0421654622112801,0.9013325260442353,0.1168896055295951,6.950150262074344,0.9934919994652402
fixed,cond,host_type_2domestic,1.9414804597077253,1.8632974979640764,1.0419594626349657,0.2974304735908696,enterococcus_faecalis,K01154,1.9414804597077253,1.8632974979640764,6.969060750789403,0.18076044433342525,268.6860387364763,0.5313321081623302
fixed,cond,host_type_2domestic,-0.6609584373290744,1.1967479396478338,-0.5522954462103141,0.5807459500431551,enterococcus_faecalis,K06909,-0.6609584373290744,1.1967479396478338,0.5163562021936815,0.049460327319945964,5.390658371893957,0.7640786727000264
fixed,cond,host_type_2domestic,0.6853396032024867,0.6637768751856363,1.0324849039232045,0.301845015973791,enterococcus_faecalis,K07455,0.6853396032024867,0.6637768751856363,1.9844456452129973,0.5402825302064356,7.288824455049762,0.5366133617311839
fixed,cond,host_type_2domestic,0.013651450753256914,1.2712585675086496,0.0107385319573581,0.9914320558161255,enterococcus_faecalis,K04095,0.013651450753256914,1.2712585675086496,1.0137450572770252,0.0839095923273149,12.24745601366795,0.999672712609212
fixed,cond,host_type_2domestic,0.1430417266000498,1.3080481263232788,0.10935509460352807,0.9129208493903904,enterococcus_faecalis,K18234,0.1430417266000498,1.3080481263232788,1.1537779438924087,0.0888564972505625,14.981499215063499,0.9883032583339499
fixed,cond,host_type_2domestic,-1.7175430526740871,0.8577427196483991,-2.0023988701158926,0.045241849909584145,enterococcus_faecalis,K18831,-1.7175430526740871,0.8577427196483991,0.17950664492215046,0.03341605575806142,0.9642860247931409,0.15856191206406633
fixed,cond,host_type_2domestic,-0.7994671418812224,0.6770484312026633,-1.1808123393198071,0.23767728108416686,enterococcus_faecalis,K22299,-0.7994671418812224,0.6770484312026633,0.4495684565058185,0.11925609170498529,1.6947712623771576,0.4651702433892624
fixed,cond,host_type_2domestic,-0.7538911741443585,0.7894609880014238,-0.9549441778660743,0.3396059271869198,enterococcus_faecalis,K03205,-0.7538911741443585,0.7894609880014238,0.4705320636971989,0.10013512945437146,2.2110164951454956,0.5839952392747032
fixed,cond,host_type_2domestic,0.7086006787828832,1.123002716184906,0.6309875021408317,0.528048696238866,enterococcus_faecalis,K06871,0.7086006787828832,1.123002716184906,2.0311470419735698,0.22481337960013215,18.35103548310146,0.7324896921559612
fixed,cond,host_type_2domestic,0.6125540080075889,0.832301219576037,0.7359763431797152,0.4617450948027408,enterococcus_faecalis,K07483,0.6125540080075889,0.832301219576037,1.8451378829523244,0.36104366136201227,9.429701090063226,0.6689850192417662
fixed,cond,host_type_2domestic,-0.5599818697335238,0.6748114609583715,-0.8298345569564483,0.4066323297493443,enterococcus_faecalis,K07497,-0.5599818697335238,0.6748114609583715,0.5712194201152367,0.15219200976189096,2.1439471522012266,0.6209157566297041
fixed,cond,host_type_2domestic,1.231969026956494,0.8075668499031718,1.5255319446361728,0.12712647208253972,enterococcus_faecalis,K00986,1.231969026956494,0.8075668499031718,3.4279726659944307,0.7040809111243667,16.689838359684362,0.32697733732376605
fixed,cond,host_type_2domestic,-1.4150412561861974,1.2270675435493814,-1.153189377084401,0.24883266275121965,enterococcus_faecalis,K06223,-1.4150412561861974,1.2270675435493814,0.24291559147113762,0.021925747637288186,2.6912644237234695,0.476929270273171
fixed,cond,host_type_2domestic,-1.1670309421514677,0.665848041505252,-1.7526986180108222,0.07965375306535653,enterococcus_faecalis,K06400,-1.1670309421514677,0.665848041505252,0.31128980801280803,0.08440799929439842,1.1480113897105666,0.22900454006290002
fixed,cond,host_type_2domestic,2.1959382678245887,0.8014477359895691,2.739964403434498,0.006144583886202213,enterococcus_faecalis,K07486,2.1959382678245887,0.8014477359895691,8.988430656868593,1.8684341091476548,43.24042537961958,0.048110784470689665
fixed,cond,host_type_2domestic,2.28403862228464,0.8982570741237454,2.5427449313580213,0.010998548549051603,enterococcus_faecalis,K07493,2.28403862228464,0.8982570741237454,9.816244567469779,1.6878486958597176,57.089629920470436,0.06575564830507212
fixed,cond,host_type_2domestic,0.4109184890070862,0.7176139749106872,0.5726177351245539,0.56690354880835,enterococcus_faecalis,K12984,0.4109184890070862,0.7176139749106872,1.5082024164711603,0.3694998657887637,6.156090271355707,0.7584550298426996
fixed,cond,host_type_2domestic,-1.5046563681401384,0.7082940880400245,-2.1243384542482766,0.03364185239230013,enterococcus_faecalis,K06904,-1.5046563681401384,0.7082940880400245,0.2220935991572699,0.055414566825737636,0.8901191439742608,0.1360461723117192
fixed,cond,host_type_2domestic,1.8508480707080524,0.9991415103454714,1.85243836988425,0.06396289978300605,enterococcus_faecalis,K06919,1.8508480707080524,0.9991415103454714,6.365215386961301,0.89810410319132,45.11277342842507,0.19780123630374982
fixed,cond,host_type_2domestic,1.6220565310143242,0.7310039218613988,2.2189436780092575,0.026490556491043447,enterococcus_faecalis,K07451,1.6220565310143242,0.7310039218613988,5.063492846414393,1.2083899384631505,21.217455549404658,0.11745210588799987
fixed,cond,host_type_2domestic,2.28403862228464,0.8982570741237454,2.5427449313580213,0.010998548549051603,enterococcus_faecalis,K07741,2.28403862228464,0.8982570741237454,9.816244567469779,1.6878486958597176,57.089629920470436,0.06575564830507212
fixed,cond,host_type_2domestic,-0.4795167787022802,0.6612318520993132,-0.7251870537994887,0.4683372840101667,enterococcus_faecalis,K19158,-0.4795167787022802,0.6612318520993132,0.6190824733752092,0.16939344230519568,2.2625616648715505,0.6732348457646147
fixed,cond,host_type_2domestic,-1.4242273708518678,1.1397254228450888,-1.24962323582866,0.21143721100722707,enterococcus_faecalis,K00571,-1.4242273708518678,1.1397254228450888,0.24069435886234217,0.02578172942791474,2.2470864318910713,0.4371286160149414
fixed,cond,host_type_2domestic,37.72381267857951,NA,NA,NA,enterococcus_faecalis,K07317,37.72381267857951,NA,24168165299642448,NA,NA,NA
fixed,cond,host_type_2domestic,-1.2448367224253671,0.6769905135209818,-1.8387801565358066,0.06594752804982519,enterococcus_faecalis,K03892,-1.2448367224253671,0.6769905135209818,0.2879879262622862,0.07640263232202084,1.0855260238062219,0.20223908601946394
fixed,cond,host_type_2domestic,38.22880867304141,NA,NA,NA,enterococcus_faecalis,K07487,38.22880867304141,NA,40046139550952664,NA,NA,NA
fixed,cond,host_type_2domestic,-2.1760398912301113,0.8410940183747174,-2.5871541631397736,0.009677228487092506,enterococcus_faecalis,K15773,-2.1760398912301113,0.8410940183747174,0.11349007495324438,0.02182751023785849,0.5900809103987249,0.06247754532017618
fixed,cond,host_type_2domestic,0.7648518009125707,0.8211910191014665,0.9313932850233295,0.35165016311628616,enterococcus_faecalis,K03580,0.7648518009125707,0.8211910191014665,2.1486759192479887,0.4296937228485471,10.744416221280156,0.5845029532604212
fixed,cond,host_type_2domestic,-1.989956643333268,0.6718765935655738,-2.9617889094376557,0.003058573956200565,enterococcus_faecalis,K20283,-1.989956643333268,0.6718765935655738,0.1367013522320106,0.036631939077574754,0.5101356950416022,0.028934430017523445
fixed,cond,host_type_2domestic,-2.49836690116553,1.1046163274353016,-2.2617508352119318,0.023712801994760044,enterococcus_faecalis,K07458,-2.49836690116553,1.1046163274353016,0.082219161059920165,0.00943419048552788,0.7165416530190876,0.1090788891758962
fixed,cond,host_type_2domestic,-0.41305755670176797,1.1786140004506942,-0.3504604192244598,0.7259931897614229,enterococcus_faecalis,K20331,-0.41305755670176797,1.1786140004506942,0.6616242008251123,0.06566816659761165,6.666039358153625,0.884653953086767
fixed,cond,host_type_2domestic,0.17928084773208453,0.6068339097948069,0.2954364362939211,0.7676605026479438,enterococcus_faecalis,K03741,0.17928084773208453,0.6068339097948069,1.1963566910541616,0.36417760101319563,3.9301410307719657,0.9157684234255445
fixed,cond,host_type_2domestic,-32.01905760576747,NA,NA,NA,enterococcus_faecalis,K09144,-32.01905760576747,NA,1.2425102098638953e-14,NA,NA,NA
fixed,cond,host_type_2domestic,1.0439642068029134,0.8938214327350665,1.167978489404102,0.24281544170764727,enterococcus_faecalis,K10421,1.0439642068029134,0.8938214327350665,2.8404548755728705,0.49266502351979663,16.376611926950577,0.46783289292363456
fixed,cond,host_type_2domestic,1.8050271246144773,1.3436083134038936,1.3434176512659606,0.17913677448024073,enterococcus_faecalis,K08217,1.8050271246144773,1.3436083134038936,6.080136367638587,0.436727796330168,84.64782539541707,0.3900729763830094
fixed,cond,host_type_2domestic,-0.5297208938886948,0.6871267997710082,-0.7709216029199116,0.4407534015055703,enterococcus_faecalis,K15915,-0.5297208938886948,0.6871267997710082,0.5887692758508989,0.15312672668448668,2.263806375880109,0.65139458535763
fixed,cond,host_type_2domestic,-0.8272220579371835,1.3447488123649958,-0.6151498706158786,0.5384557498669308,enterococcus_faecalis,K17716,-0.8272220579371835,1.3447488123649958,0.4372622900224123,0.031337816050470625,6.101200861212307,0.7338952442630761
fixed,cond,host_type_2domestic,0.21334014981013555,0.627484018123004,0.33999296181008876,0.7338618282143928,enterococcus_faecalis,K19068,0.21334014981013555,0.627484018123004,1.2378056189897764,0.36184891154201854,4.234261045233919,0.8883915948835367
fixed,cond,host_type_2domestic,-0.4812748179033926,0.691827118255868,-0.6956576364290422,0.4866432618223648,enterococcus_faecalis,K19429,-0.4812748179033926,0.691827118255868,0.6179950582575692,0.15925382440998267,2.3981709289917452,0.6941268230644584
fixed,cond,host_type_2domestic,5832.891014196383,NA,NA,NA,enterococcus_faecalis,K19430,5832.891014196383,NA,Inf,NA,NA,NA
fixed,cond,host_type_2domestic,2320.4336756115713,NA,NA,NA,enterococcus_faecalis,K24258,2320.4336756115713,NA,Inf,NA,NA,NA
fixed,cond,host_type_2domestic,3006.018411208767,NA,NA,NA,enterococcus_faecalis,K16566,3006.018411208767,NA,Inf,NA,NA,NA
fixed,cond,host_type_2domestic,7057.9587799895025,NA,NA,NA,enterococcus_faecalis,K07492,7057.9587799895025,NA,Inf,NA,NA,NA
fixed,cond,host_type_2domestic,5224.537428066891,NA,NA,NA,bacteroides_uniformis,K04095,5224.537428066891,NA,Inf,NA,NA,NA
fixed,cond,host_type_2domestic,2697.632410401641,NA,NA,NA,bacteroides_uniformis,K06075,2697.632410401641,NA,Inf,NA,NA,NA
fixed,cond,host_type_2domestic,2547.9007686108516,NA,NA,NA,bacteroides_uniformis,K07493,2547.9007686108516,NA,Inf,NA,NA,NA
fixed,cond,host_type_2domestic,2547.9007686108516,NA,NA,NA,bacteroides_uniformis,K15773,2547.9007686108516,NA,Inf,NA,NA,NA
fixed,cond,host_type_2domestic,6742.804815135567,NA,NA,NA,bacteroides_uniformis,K17716,6742.804815135567,NA,Inf,NA,NA,NA
fixed,cond,host_type_2domestic,3207.170985684884,NA,NA,NA,bacteroides_uniformis,K18234,3207.170985684884,NA,Inf,NA,NA,NA
fixed,cond,host_type_2domestic,2727.4342134204235,NA,NA,NA,bacteroides_uniformis,K19068,2727.4342134204235,NA,Inf,NA,NA,NA
fixed,cond,host_type_2domestic,3523.3393145686446,NA,NA,NA,bacteroides_uniformis,K24258,3523.3393145686446,NA,Inf,NA,NA,NA
fixed,cond,host_type_2domestic,3219.7471563225686,NA,NA,NA,bacteroides_uniformis,K00558,3219.7471563225686,NA,Inf,NA,NA,NA
fixed,cond,host_type_2domestic,7057.9587799895025,NA,NA,NA,bacteroides_uniformis,K00571,7057.9587799895025,NA,Inf,NA,NA,NA
fixed,cond,host_type_2domestic,2830.49818187015,NA,NA,NA,bacteroides_uniformis,K00986,2830.49818187015,NA,Inf,NA,NA,NA
fixed,cond,host_type_2domestic,1184376.0489525555,NA,NA,NA,bacteroides_uniformis,K03205,1184376.0489525555,NA,Inf,NA,NA,NA
fixed,cond,host_type_2domestic,-0.6299829878275355,0.22612572412092166,-2.785985496681702,0.0053365259323803526,bacteroides_uniformis,K06223,-0.6299829878275355,0.22612572412092166,0.5326008616275393,0.34191626635887173,0.8296290809068055,0.04364092318035488
fixed,cond,host_type_2domestic,-0.5586645961606471,0.24946521211344055,-2.2394489052309337,0.02512672232709256,bacteroides_uniformis,K06400,-0.5586645961606471,0.24946521211344055,0.5719723681720801,0.3507728514392299,0.9326616601315154,0.11415597304160569
fixed,cond,host_type_2domestic,0.7577427777017285,0.3108919880699339,2.437318447496554,0.014796642333447432,bacteroides_uniformis,K07317,0.7577427777017285,0.3108919880699339,2.1334550989505665,1.1599703924988594,3.923919686805841,0.08007594674571551
fixed,cond,host_type_2domestic,1.0744329531965437,0.22986941898003402,4.674101313536912,2.9524356742264495e-6,bacteroides_uniformis,K07485,1.0744329531965437,0.22986941898003402,2.9283319283942815,1.8661712871996687,4.595037948376647,7.243308854102223e-5
fixed,cond,host_type_2domestic,0.45036394110312067,0.270890296869419,1.6625325687476205,0.09640603874217404,bacteroides_uniformis,K07741,0.45036394110312067,0.270890296869419,1.568883062633521,0.9225801339580192,2.6679460933746264,0.2687683504327277
fixed,cond,host_type_2domestic,0.7296046292367376,0.257471888801553,2.833725392829514,0.004600884961042142,bacteroides_uniformis,K09144,0.7296046292367376,0.257471888801553,2.07426034363533,1.252272282647221,3.4357990932154463,0.0412957479430124
fixed,cond,host_type_2domestic,-0.7775914626236011,0.411602947636987,-1.8891785568780657,0.0588679069890979,bacteroides_uniformis,K10421,-0.7775914626236011,0.411602947636987,0.4595114300037615,0.205084489675791,1.0295793438006977,0.19002973484200023
fixed,cond,host_type_2domestic,1.0781139298352977,0.2443688514380141,4.4118304091991405,1.0250038704972589e-5,bacteroides_uniformis,K12063,1.0781139298352977,0.2443688514380141,2.9391309130248113,1.8205724434753905,4.74493094458113,2.2188319078999486e-4
fixed,cond,host_type_2domestic,-0.07368285154808564,0.22146338957728107,-0.33270894881871,0.7393539938649123,bacteroides_uniformis,K19430,-0.07368285154808564,0.22146338957728107,0.9289662673406212,0.6018475559142829,1.4338819147413382,0.8891577442558422
fixed,cond,host_type_2domestic,-20.81561685502333,38819.01089270302,-5.362222368972345e-4,0.9995721565765238,bacteroides_uniformis,K20283,-20.81561685502333,38819.01089270302,9.117850403348968e-10,0,Inf,0.999672712609212
fixed,cond,host_type_2domestic,-2.972828550532896,1.6269235393267822,-1.82726998452739,0.06765918587110101,bacteroides_uniformis,K22721,-2.972828550532896,1.6269235393267822,0.05115840136392416,0.002108879136403668,1.2410298840432898,0.20408672459479646
fixed,cond,host_type_2domestic,-1.0570874091466362,0.8800635896257505,-1.2011488960657555,0.22969344879287915,bacteroides_uniformis,K02315,-1.0570874091466362,0.8800635896257505,0.3474663653065164,0.06191380861219704,1.950015315251292,0.4618972085015275
fixed,cond,host_type_2domestic,2.4724264693569173,0.3338809075876488,7.405114857332379,1.3103700547766098e-13,bacteroides_uniformis,K15915,2.4724264693569173,0.3338809075876488,11.85116848864954,6.15964958567565,22.801653339660536,4.822161801577924e-11
fixed,cond,host_type_2domestic,1.3029162419118572,0.24366050157627497,5.347260772604111,8.929531855982873e-8,bacteroides_uniformis,K16566,1.3029162419118572,0.24366050157627497,3.6800128422325527,2.2826605232223445,5.932767654771148,4.107584653752122e-6
fixed,cond,host_type_2domestic,-33774.67755076931,NA,NA,NA,bacteroides_uniformis,K19429,-33774.67755076931,NA,0,NA,NA,NA
fixed,cond,host_type_2domestic,0.0857627926274202,0.4255865164843688,0.20151670531265564,0.8402945684059623,bacteroides_uniformis,K01153,0.0857627926274202,0.4255865164843688,1.0895478488671968,0.4731291990543337,2.5090704977496197,0.9434249350963936
fixed,cond,host_type_2domestic,-1.9049555533003004,0.28062997923966504,-6.788139878930827,1.135884960264607e-11,bacteroides_uniformis,K01154,-1.9049555533003004,0.28062997923966504,0.14882925744444794,0.08586402723545289,0.2579677262368152,2.0900283268868767e-9
fixed,cond,host_type_2domestic,-1.5421996351120026,0.29294813271120457,-5.264411897215746,1.406388220174923e-7,bacteroides_uniformis,K03427,-1.5421996351120026,0.29294813271120457,0.2139100594790572,0.12046717434633257,0.3798338742036478,5.1755086502437164e-6
fixed,cond,host_type_2domestic,0.9196761301134545,0.2280238384894205,4.033245542246778,5.501174468676721e-5,bacteroides_uniformis,K06871,0.9196761301134545,0.2280238384894205,2.508477837930065,1.6043992808445944,3.9220044153060134,0.0010122161022365166
fixed,cond,host_type_2domestic,0.04109262698443195,0.24984186832458624,0.1644745424775874,0.8693575859783353,bacteroides_uniformis,K07486,0.04109262698443195,0.24984186832458624,1.0419486136337979,0.6385230940545534,1.7002625645997986,0.9607509672404085
fixed,cond,host_type_2domestic,-1.281985033445775,0.38701074956930287,-3.312530814382992,9.245594037380168e-4,bacteroides_uniformis,K09952,-1.281985033445775,0.38701074956930287,0.27748593453356546,0.12996032042712355,0.5924765621607077,0.012151352163413934
fixed,cond,host_type_2domestic,-0.822893556248833,0.40423694653737824,-2.035671314306109,0.04178337143252919,bacteroides_uniformis,K12988,-0.822893556248833,0.40423694653737824,0.43915908275678966,0.19885129966126952,0.9698739726434311,0.1522404028432747
fixed,cond,host_type_2domestic,-1.141345464753284,0.3597273146843413,-3.1728073409015605,0.0015097267177310628,bacteroides_uniformis,K15342,-1.141345464753284,0.3597273146843413,0.3193890059454897,0.15780250415371375,0.6464367448787873,0.017213287104029373
fixed,cond,host_type_2domestic,-1.4272603833102826,0.2508520167586728,-5.689650821836326,1.2729941048165953e-8,bacteroides_uniformis,K18799,-1.4272603833102826,0.2508520167586728,0.23996543584832403,0.14676386619917586,0.39235413929290086,9.369236611450141e-7
fixed,cond,host_type_2domestic,0.7627895774908261,0.23220670671598045,3.284959285968509,0.001019971093134066,bacteroides_uniformis,K18831,0.7627895774908261,0.23220670671598045,2.1442494352098396,1.3602444582760798,3.3801318670504235,0.01294308145770125
fixed,cond,host_type_2domestic,1.3313136990621945,0.23587197603329807,5.6442215877067685,1.6593025405441998e-8,bacteroides_uniformis,K21029,1.3313136990621945,0.23587197603329807,3.7860138048225584,2.384536166655314,6.011190239321271,1.0177055582004426e-6
fixed,cond,host_type_2domestic,0.19780512344323029,0.7393703919212309,0.2675318427740119,0.7890597003575304,bacteroides_uniformis,K08217,0.19780512344323029,0.7393703919212309,1.218724869772189,0.2861151734880291,5.191232223352821,0.9226741752407842
fixed,cond,host_type_2domestic,0.7412548867604218,0.23929560722137325,3.097653548126708,0.0019505931734923668,bacteroides_uniformis,K03580,0.7412548867604218,0.23929560722137325,2.098567327190287,1.3128961474957028,3.3544045621209344,0.021112302583682088
fixed,cond,host_type_2domestic,-0.07156712917881221,0.26777882968122174,-0.26726208813448604,0.7892673746351534,bacteroides_uniformis,K03741,-0.07156712917881221,0.26777882968122174,0.9309337826769094,0.5507834083768135,1.573463714680811,0.9226741752407842
fixed,cond,host_type_2domestic,-1.3100391955455382,0.24117954068064487,-5.43180069025926,5.5788213213506216e-8,bacteroides_uniformis,K03892,-1.3100391955455382,0.24117954068064487,0.26980948084763806,0.1681748452439,0.43286590125708735,2.9328660660814696e-6
fixed,cond,host_type_2domestic,-2.4125157759829086,0.4577357617957213,-5.270542477429518,1.3602114149722193e-7,bacteroides_uniformis,K06909,-2.4125157759829086,0.4577357617957213,0.08958962339934848,0.036527938636378515,0.21973045620602363,5.1755086502437164e-6
fixed,cond,host_type_2domestic,-0.5277443399198496,0.24731740064379462,-2.133874683083651,0.03285304038111671,bacteroides_uniformis,K07492,-0.5277443399198496,0.24731740064379462,0.5899341609497043,0.3633144939875914,0.9579092494650597,0.13433243178056609
fixed,cond,host_type_2domestic,-2.8548337531980414,1.0531218000510805,-2.710829604951271,0.006711510640087771,bacteroides_uniformis,K07497,-2.8548337531980414,1.0531218000510805,0.057565390387493434,0.0073067808289079194,0.45352040085206735,0.05007137268122997
fixed,cond,host_type_2domestic,-0.41244221422793087,0.25412695344545766,-1.62297705393321,0.1045943101336585,bacteroides_uniformis,K00980,-0.41244221422793087,0.25412695344545766,0.6620314515840929,0.40231052311697724,1.0894212746185208,0.28511634169767647
fixed,cond,host_type_2domestic,0.15786737589681055,0.23831453804949346,0.6624328385036437,0.5076938639822471,bacteroides_uniformis,K06904,0.15786737589681055,0.23831453804949346,1.1710108801408659,0.734012574766283,1.8681784598103244,0.7158288963427852
fixed,cond,host_type_2domestic,-0.6391765278049462,0.2763874999365615,-2.312610114247767,0.020744084941316295,bacteroides_uniformis,K07451,-0.6391765278049462,0.2763874999365615,0.5277268135221926,0.3070035316606139,0.9071413224593072,0.10178431011205862
fixed,cond,host_type_2domestic,-0.8534077031505413,0.33416739346714247,-2.5538329586739104,0.010654435683460483,bacteroides_uniformis,K07487,-0.8534077031505413,0.33416739346714247,0.4259609075872994,0.22126907273751595,0.8200092880030962,0.06575564830507212
fixed,cond,host_type_2domestic,-0.38040513301709133,1.4392567205350666,-0.26430665745001325,0.7915436307323216,bacteroides_uniformis,K01156,-0.38040513301709133,1.4392567205350666,0.683584410490822,0.04070728111880654,11.479215349762093,0.9226741752407842
fixed,cond,host_type_2domestic,-1.6407102587585458,0.47975833336163043,-3.419868180844745,6.265148689018392e-4,bacteroides_uniformis,K07316,-1.6407102587585458,0.47975833336163043,0.19384231518360373,0.07569549798170537,0.4963946886883672,0.008867595067533722
fixed,cond,host_type_2domestic,-1.2217835618546058,0.24434627639300288,-5.000213548945217,5.726685078696593e-7,bacteroides_uniformis,K07455,-1.2217835618546058,0.24434627639300288,0.29470407495820305,0.18255527710308475,0.4757490069592876,1.756183424133622e-5
fixed,cond,host_type_2domestic,0.3491856458785,1.2357409943198654,0.2825718718433282,0.7775050449130898,bacteroides_uniformis,K07458,0.3491856458785,1.2357409943198654,1.4179123955020527,0.12582456254891838,15.978402949239193,0.9170572324615931
fixed,cond,host_type_2domestic,1.0678965299110306,0.5886242946163743,1.8142243527461155,0.06964319237367589,bacteroides_uniformis,K19171,1.0678965299110306,0.5886242946163743,2.9092535315552106,0.9177712636586052,9.22207574589613,0.2083633723049815
fixed,cond,host_type_2domestic,-0.8559084489177815,0.47645168439449365,-1.796422338196845,0.07242737382108451,bacteroides_uniformis,K06919,-0.8559084489177815,0.47645168439449365,0.42489701846319206,0.16700128861611524,1.0810543906275507,0.2149457545657992
fixed,cond,host_type_2domestic,-1.2217835618546058,0.24434627639300288,-5.000213548945217,5.726685078696593e-7,bacteroides_uniformis,K22299,-1.2217835618546058,0.24434627639300288,0.29470407495820305,0.18255527710308475,0.4757490069592876,1.756183424133622e-5
fixed,cond,host_type_2domestic,0.08669312822309015,0.3351482244750783,0.2586710055196389,0.7958890925657478,bacteroides_uniformis,K07483,0.08669312822309015,0.3351482244750783,1.0905619656755208,0.5654138196613189,2.103460084669416,0.9239343408965149
fixed,cond,host_type_2domestic,0.34202402278288324,0.3558772453646622,0.9610730307649095,0.3365154488544778,bacteroides_uniformis,K19158,0.34202402278288324,0.3558772453646622,1.4077941162402898,0.7008261832377689,2.8279255557556495,0.5813975829974077
fixed,cond,host_type_2domestic,-0.3200752755325951,1.006135663737008,-0.3181233774616094,0.7503913514073894,bacteroides_uniformis,K07341,-0.3200752755325951,1.006135663737008,0.7260943778754577,0.101053906534657,5.217146606811656,0.8994919130876852
fixed,cond,host_type_2domestic,0.3771748945662408,0.36162694339856216,1.0429944489798226,0.29695086369248685,bacteroides_uniformis,K09384,0.3771748945662408,0.36162694339856216,1.458159311211602,0.7177643877917975,2.962293216321915,0.5313321081623302
fixed,cond,host_type_2domestic,-1.0295814197681232,0.8731123511857487,-1.1792084012668913,0.23831520155373428,bacteroides_uniformis,K07482,-1.0295814197681232,0.8731123511857487,0.3571564279053378,0.0645134449482872,1.9772733280070702,0.4651702433892624
fixed,cond,host_type_2domestic,-1.684268236004661,0.2517774639338502,-6.689511482438202,2.2391681629377582e-11,bacteroides_uniformis,K12984,-1.684268236004661,0.2517774639338502,0.18558018317728273,0.11329592644346954,0.30398272443888874,2.7467129465369836e-9
fixed,cond,host_type_2domestic,0.3771748945662408,0.36162694339856216,1.0429944489798226,0.29695086369248685,bacteroides_uniformis,K20331,0.3771748945662408,0.36162694339856216,1.458159311211602,0.7177643877917975,2.962293216321915,0.5313321081623302
fixed,cond,host_type_2domestic,-1.1394210758798846,1.2298375409305482,-0.9264809683868891,0.3541960830898748,phocaeicola_vulgatus,K00558,-1.1394210758798846,1.2298375409305482,0.32000422636662307,0.028727435958680863,3.564630865065313,0.5845029532604212
fixed,cond,host_type_2domestic,-0.7587682121451366,1.164507191223861,-0.6515788119330501,0.5146729199116242,phocaeicola_vulgatus,K00986,-0.7587682121451366,1.164507191223861,0.46824284777599323,0.04777741183421735,4.589017196120867,0.7214068838761298
fixed,cond,host_type_2domestic,0.5114842011720676,0.37461404592285047,1.3653631163563065,0.1721389504328779,phocaeicola_vulgatus,K01153,0.5114842011720676,0.37461404592285047,1.6677646571929858,0.8003074370403208,3.4754630821229067,0.3793241542472998
fixed,cond,host_type_2domestic,0.34202402278288324,0.3558772453646622,0.9610730307649095,0.3365154488544778,phocaeicola_vulgatus,K01154,0.34202402278288324,0.3558772453646622,1.4077941162402898,0.7008261832377689,2.8279255557556495,0.5813975829974077
fixed,cond,host_type_2domestic,-2.4494196463337605,1.067147718646737,-2.2952957716480893,0.02171617977711049,phocaeicola_vulgatus,K01156,-2.4494196463337605,1.067147718646737,0.08634368183376781,0.01066242740230186,0.6992058291530736,0.10378641763606052
fixed,cond,host_type_2domestic,-0.277184210689145,0.32654804687048516,-0.8488313231255713,0.39597515794230703,phocaeicola_vulgatus,K02315,-0.277184210689145,0.32654804687048516,0.7579148682301471,0.39962911178149485,1.4374201742299622,0.6120229108662743
fixed,cond,host_type_2domestic,-1.1641124535140501,0.23724489523619022,-4.906796634570842,9.25759337547745e-7,phocaeicola_vulgatus,K03205,-1.1641124535140501,0.23724489523619022,0.3121996307883633,0.19610354897203341,0.4970262393277262,2.6206110478274627e-5
fixed,cond,host_type_2domestic,1.7060884523115663,0.2671075396966284,6.387271786671701,1.6887135108008142e-10,phocaeicola_vulgatus,K03427,1.7060884523115663,0.2671075396966284,5.507376923164485,3.2627084864709115,9.296325644652448,1.553616429936749e-8
fixed,cond,host_type_2domestic,0.3771748945662408,0.36162694339856216,1.0429944489798226,0.29695086369248685,phocaeicola_vulgatus,K03580,0.3771748945662408,0.36162694339856216,1.458159311211602,0.7177643877917975,2.962293216321915,0.5313321081623302
fixed,cond,host_type_2domestic,-0.3501436554004487,0.6242213936001928,-0.5609286368430877,0.5748461870911052,phocaeicola_vulgatus,K03741,-0.3501436554004487,0.6242213936001928,0.704586864739925,0.20729392053645304,2.39487317659534,0.761728258444163
fixed,cond,host_type_2domestic,2.0925698135324953,1.1067900031846947,1.8906656253772645,0.05866899387042234,phocaeicola_vulgatus,K03892,2.0925698135324953,1.1067900031846947,8.105718607739872,0.926131919601952,70.94310514219094,0.19002973484200023
fixed,cond,host_type_2domestic,0.10568227673108822,0.9570266526310812,0.1104277257488534,0.912070165619594,phocaeicola_vulgatus,K06075,0.10568227673108822,0.9570266526310812,1.1114686809376761,0.17031766594578773,7.253285335054762,0.9883032583339499
fixed,cond,host_type_2domestic,-1.6364108723198336,0.7951416184382574,-2.058011848925627,0.03958899599277115,phocaeicola_vulgatus,K06223,-1.6364108723198336,0.7951416184382574,0.19467751233587577,0.0409710956739079,0.9250261235610778,0.14628976249954026
fixed,cond,host_type_2domestic,0.24591001787659011,0.5903211660400511,0.4165698809788332,0.6769930435090863,phocaeicola_vulgatus,K06400,0.24591001787659011,0.5903211660400511,1.2787845006198135,0.4020738633510679,4.067137777611832,0.8508886848682038
fixed,cond,host_type_2domestic,-0.16764841568080652,0.6366478125112126,-0.26332991708481507,0.7922963026524126,phocaeicola_vulgatus,K06909,-0.16764841568080652,0.6366478125112126,0.8456511000909696,0.242809491624546,2.9452134605629805,0.9226741752407842
fixed,cond,host_type_2domestic,0.30726336123805714,0.8049341347739893,0.3817248492317089,0.7026654663315073,phocaeicola_vulgatus,K06919,0.30726336123805714,0.8049341347739893,1.359699012937774,0.2807171941581703,6.585921504837567,0.8706427326935847
fixed,cond,host_type_2domestic,1.6762646152729763,1.1508255068979367,1.4565758277215863,0.1452335041757822,phocaeicola_vulgatus,K07316,1.6762646152729763,1.1508255068979367,5.345550941796965,0.5602605261062035,51.00290586228046,0.3426021124146657
fixed,cond,host_type_2domestic,0.6286720957279707,0.6018725740914881,1.0445269028530428,0.296241678957194,phocaeicola_vulgatus,K07341,0.6286720957279707,0.6018725740914881,1.8751189468457279,0.5763742155333641,6.100326784337736,0.5313321081623302
fixed,cond,host_type_2domestic,0.8806341697042173,0.5812044101794224,1.5151883817129994,0.12972470448171153,phocaeicola_vulgatus,K07455,0.8806341697042173,0.5812044101794224,2.412429110870654,0.7721885876668262,7.5367783310043315,0.32697733732376605
fixed,cond,host_type_2domestic,0.0014779022932248688,0.6241926900603627,0.002367702020159749,0.9981108488786339,phocaeicola_vulgatus,K07485,0.0014779022932248688,0.6241926900603627,1.0014789949290224,0.2946580433102379,3.4038106206659826,0.999672712609212
fixed,cond,host_type_2domestic,1.1521640969905573,0.5966532880179585,1.9310445783647114,0.05347753983126227,phocaeicola_vulgatus,K07486,1.1521640969905573,0.5966532880179585,3.1650349462062595,0.9828720328481722,10.192014703763874,0.1772949068279686
fixed,cond,host_type_2domestic,2.4396046113434693,1.181065302829548,2.0655967163701825,0.03886657475107486,phocaeicola_vulgatus,K07487,2.4396046113434693,1.181065302829548,11.468505329313825,1.1328273844572132,116.10472724537792,0.14628976249954026
fixed,cond,host_type_2domestic,0.8274347713342731,0.5805863523023378,1.425170894997873,0.15410780736379168,phocaeicola_vulgatus,K07493,0.8274347713342731,0.5805863523023378,2.2874433923193367,0.73306971008788,7.137653078638509,0.35667718937028514
fixed,cond,host_type_2domestic,0.20984504814780994,0.6172688985719135,0.3399572676240425,0.7338887088168347,phocaeicola_vulgatus,K08217,0.20984504814780994,0.6172688985719135,1.2334869140659341,0.3678787079688975,4.1358467729003126,0.8883915948835367
fixed,cond,host_type_2domestic,0.40894167840803985,0.5821585137138562,0.7024576103838339,0.48239382839093387,phocaeicola_vulgatus,K12063,0.40894167840803985,0.5821585137138562,1.5052239308696647,0.4809033289106792,4.711339984264376,0.690742913804917
fixed,cond,host_type_2domestic,1.468480309912687,1.1480991211273284,1.2790535964096668,0.2008781828231719,phocaeicola_vulgatus,K12988,1.468480309912687,1.1480991211273284,4.342630671176246,0.4575843830281362,41.213034897393065,0.4273015680862847
fixed,cond,host_type_2domestic,0.79842282414248,0.9138677486792202,0.873674364038354,0.38229561575867893,phocaeicola_vulgatus,K15773,0.79842282414248,0.9138677486792202,2.222033625613869,0.37055330803170144,13.324488882814968,0.5986586663795483
fixed,cond,host_type_2domestic,0.804540918066112,1.182175261404527,0.6805597649795577,0.49615009312821046,phocaeicola_vulgatus,K15915,0.804540918066112,1.182175261404527,2.235669907528576,0.22035341399876346,22.682743347270666,0.7022432087353133
fixed,cond,host_type_2domestic,1.521108000703005,0.6656092386127039,2.2852867906001038,0.022296016972082732,phocaeicola_vulgatus,K16566,1.521108000703005,0.6656092386127039,4.577294031491223,1.2417403367599391,16.87278735375065,0.10519146468880058
fixed,cond,host_type_2domestic,0.023209424269887903,0.6086848719944196,0.03813044374478998,0.9695836783555131,phocaeicola_vulgatus,K19429,0.023209424269887903,0.6086848719944196,1.0234808588362099,0.31042500864224976,3.3744480606951206,0.999672712609212
fixed,cond,host_type_2domestic,0.6563597206164155,0.6282175545740211,1.0447968475848735,0.2961168721908475,phocaeicola_vulgatus,K19430,0.6563597206164155,0.6282175545740211,1.927761953794051,0.5627348694578503,6.603937932753624,0.5313321081623302
fixed,cond,host_type_2domestic,0.9576617905545801,0.6475920566517461,1.4788041031664156,0.13919267890805906,phocaeicola_vulgatus,K20283,0.9576617905545801,0.6475920566517461,2.605596913863249,0.73226072958514965,9.271472582422877,0.33261627167640084
fixed,cond,host_type_2domestic,-0.17755366514829315,0.9324155988981685,-0.19042331054747214,0.8489774326792303,phocaeicola_vulgatus,K21029,-0.17755366514829315,0.9324155988981685,0.8373160634393062,0.13464841393142032,5.206880420073737,0.9496160949117226
fixed,cond,host_type_2domestic,-1.0941659515515212,0.8995419646004196,-1.216358985583907,0.22384820070277892,phocaeicola_vulgatus,K22721,-1.0941659515515212,0.8995419646004196,0.3348187455801275,0.057425420825645355,1.9521597017498264,0.4576452103256813
fixed,cond,host_type_2domestic,-0.45435793155605836,0.725851815301223,-0.6259651377568068,0.5313378081245175,phocaeicola_vulgatus,K00571,-0.45435793155605836,0.725851815301223,0.6348554577719501,0.1530443562390342,2.6334943814153924,0.7324896921559612
fixed,cond,host_type_2domestic,-0.0059890307771419205,1.595497970673952,-0.003753706295603812,0.997004982734405,phocaeicola_vulgatus,K07458,-0.0059890307771419205,1.595497970673952,0.9940288677183101,0.04357964683641393,22.67327666895462,0.999672712609212
fixed,cond,host_type_2domestic,-0.8657860850564517,0.575930703347416,-1.5032816969547593,0.13276641789687046,phocaeicola_vulgatus,K18799,-0.8657860850564517,0.575930703347416,0.4207207003498576,0.13606667396761166,1.3008762729440118,0.32790632071173376
fixed,cond,host_type_2domestic,0.1505826822695502,0.7500273631865287,0.20076958476527065,0.8408787464989594,phocaeicola_vulgatus,K06871,0.1505826822695502,0.7500273631865287,1.1625114202121742,0.26727666740203315,5.056306692461574,0.9434249350963936
fixed,cond,host_type_2domestic,0.10134706116336498,0.8263131917135507,0.12264969527256186,0.9023845003495453,phocaeicola_vulgatus,K07317,0.10134706116336498,0.8263131917135507,1.1066606540557393,0.21910005209881403,5.589673719852601,0.985393163586447
fixed,cond,host_type_2domestic,0.25685767529844356,0.7132755450781239,0.36011002630170136,0.7187648551915433,phocaeicola_vulgatus,K07492,0.25685767529844356,0.7132755450781239,1.2928611075931356,0.3194474823858511,5.232440184042542,0.8787557033571028
fixed,cond,host_type_2domestic,-0.8064661116196848,1.0018606859988368,-0.804968318340242,0.4208379623335255,phocaeicola_vulgatus,K07741,-0.8064661116196848,1.0018606859988368,0.4464329260244806,0.06265492081587684,3.1809529857114733,0.6373183956326641
fixed,cond,host_type_2domestic,-332.9074667481171,NA,NA,NA,phocaeicola_vulgatus,K09952,-332.9074667481171,NA,2.6310203481310785e-145,NA,NA,NA
fixed,cond,host_type_2domestic,-0.2693508631620654,0.6691905309319058,-0.4025025022200643,0.6873142472258817,phocaeicola_vulgatus,K15342,-0.2693508631620654,0.6691905309319058,0.7638751929586627,0.20577657137279912,2.8356255842192817,0.8586261418359948
fixed,cond,host_type_2domestic,2.9236555649701725,1.4122286112736555,2.0702424109177318,0.0384296495138106,phocaeicola_vulgatus,K19158,2.9236555649701725,1.4122286112736555,18.609190376832736,1.1684609866296074,296.37443649710735,0.14628976249954026
fixed,cond,host_type_2domestic,2.9236555649701725,1.4122286112736555,2.0702424109177318,0.0384296495138106,phocaeicola_vulgatus,K18831,2.9236555649701725,1.4122286112736555,18.609190376832736,1.1684609866296074,296.37443649710735,0.14628976249954026
fixed,cond,host_type_2domestic,-0.06433994962956191,0.8729439909418358,-0.0737045564173531,0.9412454731561826,phocaeicola_vulgatus,K07482,-0.06433994962956191,0.8729439909418358,0.9376861792730964,0.16943088865193215,5.18946325428336,0.999672712609212
fixed,cond,host_type_2domestic,3286.3924521505683,NA,NA,NA,phocaeicola_vulgatus,K10421,3286.3924521505683,NA,Inf,NA,NA,NA
fixed,cond,host_type_2domestic,-0.17803010541902692,0.7354568982645144,-0.24206735410209806,0.8087279736784692,phocaeicola_vulgatus,K17716,-0.17803010541902692,0.7354568982645144,0.8369172273656794,0.1979925993477957,3.53765972954915,0.9271398576750051
fixed,cond,host_type_2domestic,-0.8363754980925147,0.9460187099316627,-0.8841003769924716,0.37664202972251565,phocaeicola_vulgatus,K19171,-0.8363754980925147,0.9460187099316627,0.4332780981674406,0.06784211107388984,2.7671590311676675,0.5923259270849819
fixed,cond,host_type_2domestic,-0.005004030742938912,0.9600537100670323,-0.005212240409538675,0.9958412526804715,phocaeicola_vulgatus,K20331,-0.005004030742938912,0.9600537100670323,0.9950084685612406,0.15156975931676936,6.531922046794787,0.999672712609212
fixed,cond,host_type_2domestic,-0.03741524419490666,0.6544122583425466,-0.05717381317041584,0.9544067380915884,phocaeicola_vulgatus,K01160,-0.03741524419490666,0.6544122583425466,0.9632760574988308,0.2671184007040412,3.473743330690931,0.999672712609212
fixed,cond,host_type_2domestic,0.9921483813280452,0.6295578516795604,1.5759447343578528,0.11503854026925978,phocaeicola_vulgatus,K18234,0.9921483813280452,0.6295578516795604,2.6970224854424423,0.7852249765224667,9.2634983660303991,0.30238702013634
fixed,cond,host_type_2domestic,-0.8363754980925147,0.9460187099316627,-0.8841003769924716,0.37664202972251565,phocaeicola_vulgatus,K22299,-0.8363754980925147,0.9460187099316627,0.4332780981674406,0.06784211107388984,2.7671590311676675,0.5923259270849819
fixed,cond,host_type_2domestic,1.247055319604057,0.6363038206072408,1.9598425771103507,0.0500141930199502,phocaeicola_vulgatus,K12984,1.247055319604057,0.6363038206072408,3.4800801307680405,0.9998998362305905,12.11217091726131,0.16885525716827224
fixed,cond,host_type_2domestic,0.7070419517561236,0.8959957949975373,0.7891130245293918,0.4300459501654331,phocaeicola_vulgatus,K06904,0.7070419517561236,0.8959957949975373,2.027983504370223,0.35024940013643513,11.742253069942942,0.6469433539152849
fixed,cond,host_type_2domestic,3286.3924521505683,NA,NA,NA,phocaeicola_vulgatus,K09144,3286.3924521505683,NA,Inf,NA,NA,NA
fixed,cond,host_type_2domestic,3286.3924521505683,NA,NA,NA,phocaeicola_vulgatus,K07451,3286.3924521505683,NA,Inf,NA,NA,NA
fixed,cond,host_type_2domestic,1.8605051016122962,0.8641044844455733,2.1531020091928275,0.031310662395363266,phocaeicola_vulgatus,K19068,1.8605051016122962,0.8641044844455733,6.4269822308037305,1.1815892000645873,34.95808915045013,0.13093549728970091
fixed,cond,host_type_2domestic,-0.16943710177524823,0.6713770703322518,-0.25237248822244857,0.8007531632505394,phocaeicola_vulgatus,K24258,-0.16943710177524823,0.6713770703322518,0.8441398477084732,0.2264262125305557,3.1470388279056882,0.9266577486672908
fixed,cond,host_type_2domestic,-0.9445017944004195,0.6735293226484425,-1.4023172601995455,0.16082052846416603,phocaeicola_vulgatus,K07497,-0.9445017944004195,0.6735293226484425,0.3888732614852792,0.1038695736094408,1.455887496629269,0.3675897793466652
fixed,cond,host_type_2domestic,-0.8363754980925147,0.9460187099316627,-0.8841003769924716,0.37664202972251565,citrobacter_braakii,K00980,-0.8363754980925147,0.9460187099316627,0.4332780981674406,0.06784211107388984,2.7671590311676675,0.5923259270849819
fixed,cond,host_type_2domestic,3.265807106517026,1.0743473384046833,3.0398056473677113,0.002367308598060527,citrobacter_braakii,K00986,3.265807106517026,1.0743473384046833,26.201249658450802,3.1902086533897918,215.19140540698308,0.02483839343008348
fixed,cond,host_type_2domestic,-18.80679590132598,7353.694577936655,-0.002557462198355661,0.9979594426215113,citrobacter_braakii,K01160,-18.80679590132598,7353.694577936655,6.796922495990434e-9,0,Inf,0.999672712609212
fixed,cond,host_type_2domestic,1.6644371983698842,0.7724523752894847,2.1547441002380485,0.031181864750321357,citrobacter_braakii,K03427,1.6644371983698842,0.7724523752894847,5.282699301189589,1.1623345697975616,24.009362391802036,0.13093549728970091
fixed,cond,host_type_2domestic,-0.5170683419289339,0.6027385160240083,-0.857865107642031,0.39096695318387537,citrobacter_braakii,K06909,-0.5170683419289339,0.6027385160240083,0.5962660362703469,0.1829694951260265,1.943128201587183,0.609643384625704
fixed,cond,host_type_2domestic,-0.6753270567855381,0.6133894285315978,-1.1009760282341572,0.27090709041327943,citrobacter_braakii,K06919,-0.6753270567855381,0.6133894285315978,0.5089899247735694,0.15296129909044884,1.6937012503261402,0.5086418840412593
fixed,cond,host_type_2domestic,-0.45486505400813526,0.7983466303358107,-0.569758844997948,0.5688412723820248,citrobacter_braakii,K07451,-0.45486505400813526,0.7983466303358107,0.6345335899355916,0.132705293266743,3.034037805464483,0.7584550298426996
fixed,cond,host_type_2domestic,1.4144982802308814,0.7239189908834616,1.9539455354039623,0.05070765864544737,citrobacter_braakii,K07486,1.4144982802308814,0.7239189908834616,4.1144216613539335,0.9956266491716618,17.002824925892202,0.16964016710476937
fixed,cond,host_type_2domestic,-1.7898053512720948,0.6129733964964075,-2.9198744374586973,0.0035017244302652205,citrobacter_braakii,K07741,-1.7898053512720948,0.6129733964964075,0.16699267141478652,0.05022546005688342,0.5552274140378929,0.03221586475844002
fixed,cond,host_type_2domestic,-0.25545899057595295,0.5837995081612316,-0.4375800030742767,0.6616907696972012,citrobacter_braakii,K15773,-0.25545899057595295,0.5837995081612316,0.7745609002056185,0.24666946755298438,2.4321801724344767,0.8396627698226554
fixed,cond,host_type_2domestic,-0.33658059573632265,0.6142889545790633,-0.547919009819999,0.5837475152654206,citrobacter_braakii,K02315,-0.33658059573632265,0.6142889545790633,0.7142083191110908,0.21425530806514476,2.3807742626959554,0.7644807317354974
fixed,cond,host_type_2domestic,-1.3860279776400797,1.1758818178992991,-1.1787136738930146,0.23851220888414768,citrobacter_braakii,K06400,-1.3860279776400797,1.1758818178992991,0.2500666047407602,0.024953121841036655,2.506031397792177,0.4651702433892624
fixed,cond,host_type_2domestic,-0.22808071229449192,0.6786744970827616,-0.336067898933704,0.7368196649347335,citrobacter_braakii,K18831,-0.22808071229449192,0.6786744970827616,0.7960600054128375,0.21049724231713454,3.010545531343061,0.889015202281908
fixed,cond,host_type_2domestic,-21.726987259301488,28426.126004598522,-7.643316312531188e-4,0.999390151651469,citrobacter_braakii,K07483,-21.726987259301488,28426.126004598522,3.6651295061638534e-10,0,Inf,0.999672712609212
fixed,cond,host_type_2domestic,3.813925245483819,1.0659214281760983,3.5780547652652404,3.461609303724601e-4,citrobacter_braakii,K21029,3.813925245483819,1.0659214281760983,45.328013706992465,5.610945514591984,366.18228091468194,0.005095488895082613
fixed,cond,host_type_2domestic,274.0482693506423,NA,NA,NA,citrobacter_braakii,K18799,274.0482693506423,NA,10414805268732204e103,NA,NA,NA
fixed,cond,host_type_2domestic,-0.9597336558116691,1.134267562722014,-0.8461263350496433,0.39748227091586835,enterococcus_hirae,K00558,-0.9597336558116691,1.134267562722014,0.38299488085231315,0.04146531108536966,3.5375371586403674,0.6120229108662743
fixed,cond,host_type_2domestic,1.302976250179659,0.607582501793896,2.144525634514824,0.03199079370690632,enterococcus_hirae,K01153,1.302976250179659,0.607582501793896,3.6802336800546844,1.1186409898997005,12.107655684084344,0.13227654027125313
fixed,cond,host_type_2domestic,4.823776275056832,1.1298056945175365,4.269562720797526,1.958565690998349e-5,enterococcus_hirae,K01154,4.823776275056832,1.1298056945175365,124.43410206050247,13.590311019398483,1139.3297573177158,4.004178746041069e-4
fixed,cond,host_type_2domestic,0.7879611320865076,0.5744185761638034,1.371754265589436,0.17013994896732348,enterococcus_hirae,K03205,0.7879611320865076,0.5744185761638034,2.1989085686108782,0.7132671265463496,6.77894538126613,0.37717771819262075
fixed,cond,host_type_2domestic,-0.6055474774210222,0.7839918035246061,-0.7723900616035162,0.4398834383468812,enterococcus_hirae,K07483,-0.6055474774210222,0.7839918035246061,0.5457755450438545,0.11739964301753653,2.5372389379703826,0.65139458535763
fixed,cond,host_type_2domestic,-1.136347432508382,0.710533733750501,-1.5992870971941813,0.10975682516589207,enterococcus_hirae,K07485,-1.136347432508382,0.710533733750501,0.3209893183710657,0.07973923341279388,1.2921386135597073,0.2926848671090455
fixed,cond,host_type_2domestic,0.7821120630334573,1.047302177818099,0.7467873929784749,0.45519190674502463,enterococcus_hirae,K07497,0.7821120630334573,1.047302177818099,2.186084541422872,0.28066311567142194,17.027408859249185,0.6647246892149565
fixed,cond,host_type_2domestic,0.4123355983808275,0.5571708742708121,0.7400523204312585,0.4592682480278317,enterococcus_hirae,K09384,0.4123355983808275,0.5571708742708121,1.5103412193539192,0.5067592120183669,4.501409238904583,0.6680265425859371
fixed,cond,host_type_2domestic,2.1062000371322585,0.6311456126516354,3.3371063585207685,8.465554577373091e-4,enterococcus_hirae,K09952,2.1062000371322585,0.6311456126516354,8.216957749800038,2.3848938984676153,28.310858904617113,0.011538237349901103
fixed,cond,host_type_2domestic,-1.1509570493303594,0.6148725302122082,-1.8718628541319526,0.061225579797904085,enterococcus_hirae,K15342,-1.1509570493303594,0.6148725302122082,0.316333877335385,0.09478849777722521,1.0556884463473526,0.19283008759156012
fixed,cond,host_type_2domestic,1.1362429097820377,0.8186615015086932,1.3879276204977036,0.1651590862382654,enterococcus_hirae,K15915,1.1362429097820377,0.8186615015086932,3.1150428550400546,0.6260446195567095,15.499681149894647,0.3712004807469856
fixed,cond,host_type_2domestic,-1.1357841210802448,0.7492470768329865,-1.5159006370516954,0.12954447921256237,enterococcus_hirae,K16566,-1.1357841210802448,0.7492470768329865,0.3211701862601058,0.07395426690146718,1.3947848158617153,0.32697733732376605
fixed,cond,host_type_2domestic,1.7731792054239477,0.6551973819865091,2.7063282823991175,0.006803175636036681,enterococcus_hirae,K18831,1.7731792054239477,0.6551973819865091,5.889547711075426,1.6306722232927748,21.271455872959976,0.05007137268122997
fixed,cond,host_type_2domestic,1.48295494275941,0.8101459420392001,1.8304787641430351,0.06717837938347127,enterococcus_hirae,K19429,1.48295494275941,0.8101459420392001,4.405945781768609,0.9003865538078497,21.56002680158566,0.20408672459479646
fixed,cond,host_type_2domestic,-0.7484562764950372,0.5908669142001477,-1.2667087266313042,0.20525945850770635,enterococcus_hirae,K19430,-0.7484562764950372,0.5908669142001477,0.4730963192253523,0.14859133960232665,1.5062797593963673,0.4280838319836449
fixed,cond,host_type_2domestic,519.0179609130937,NA,NA,NA,enterococcus_hirae,K00571,519.0179609130937,NA,25505652198034694e209,NA,NA,NA
fixed,cond,host_type_2domestic,1.5329001435580685,0.6380245174546786,2.4025724742889,0.016280208214639484,enterococcus_hirae,K01160,1.5329001435580685,0.6380245174546786,4.63158963820574,1.3262721199135794,16.174374967734806,0.08438192426742719
fixed,cond,host_type_2domestic,0.9885730480091063,0.8393905031322116,1.1777272250760704,0.23890536956676792,enterococcus_hirae,K02315,0.9885730480091063,0.8393905031322116,2.687396948593225,0.5185948491594564,13.926290187829341,0.4651702433892624
fixed,cond,host_type_2domestic,1239598.1507136144,NA,NA,NA,enterococcus_hirae,K03741,1239598.1507136144,NA,Inf,NA,NA,NA
fixed,cond,host_type_2domestic,-1.5664911817529734,1.102907777637206,-1.4203283479502853,0.1555121119688141,enterococcus_hirae,K06904,-1.5664911817529734,1.102907777637206,0.2087764572942263,0.024036291957175722,1.8134082078045062,0.3576778575282724
fixed,cond,host_type_2domestic,1.0100626865119644,0.9840009030062492,1.0264855280377214,0.30466278170455857,enterococcus_hirae,K06909,1.0100626865119644,0.9840009030062492,2.7457731325624617,0.3990857059096568,18.891355876345465,0.538674354646818
fixed,cond,host_type_2domestic,-0.9953011991500704,0.5740758509967193,-1.733745109504281,0.08296331882582181,enterococcus_hirae,K07317,-0.9953011991500704,0.5740758509967193,0.36961210092594454,0.11997284336488287,1.1387002368144128,0.23667055292947617
fixed,cond,host_type_2domestic,1.951127022924319,0.6151200627305431,3.1719450252739056,0.0015142166829962614,enterococcus_hirae,K07341,1.951127022924319,0.6151200627305431,7.036613538149477,2.1074774268539995,23.494405896997872,0.017213287104029373
fixed,cond,host_type_2domestic,1.4297384688937438,0.7123510366460218,2.007070103562161,0.04474219901295216,enterococcus_hirae,K07451,1.4297384688937438,0.7123510366460218,4.177606474996832,1.034098918185898,16.876911437594284,0.15831855035352302
fixed,cond,host_type_2domestic,1.737699089514178,2.789902177137471,0.6228530533271647,0.5333810910226018,enterococcus_hirae,K07455,1.737699089514178,2.789902177137471,5.684249415295718,0.023980622330021177,1347.3666767538468,0.7324896921559612
fixed,cond,host_type_2domestic,-0.6802095336413022,1.2809937744777449,-0.5310014359114434,0.5954177841241202,enterococcus_hirae,K07487,-0.6802095336413022,1.2809937744777449,0.506510850183001,0.04113247466591642,6.237243040611267,0.7715272695692825
fixed,cond,host_type_2domestic,0.26340495769380307,0.6566049376234422,0.4011620117375111,0.6883008473957023,enterococcus_hirae,K07741,0.26340495769380307,0.6566049376234422,1.3013536054160317,0.3593204321087858,4.713122480651433,0.8586261418359948
fixed,cond,host_type_2domestic,3.9253124881828216,1.4025918747605002,2.7986134518660952,0.005132253627463941,enterococcus_hirae,K22299,3.9253124881828216,1.4025918747605002,50.668909020520964,3.2421361355364193,791.8662986386472,0.04364092318035488
fixed,cond,host_type_2domestic,-1.1652388944938832,0.650077224455311,-1.7924622654950226,0.07305894848899279,enterococcus_hirae,K00986,-1.1652388944938832,0.650077224455311,0.3118481543262645,0.08721401361140634,1.115064739366368,0.21508554435159477
fixed,cond,host_type_2domestic,1.7571869099980533,1.087889902671005,1.615224946645593,0.10626199006427041,enterococcus_hirae,K07486,1.7571869099980533,1.087889902671005,5.796109461621239,0.6872361539073263,48.88404764517893,0.28682768393141306
fixed,cond,host_type_2domestic,0.6387679331129491,0.8410406959203695,0.759497056695849,0.44755527407667917,enterococcus_hirae,K09144,0.6387679331129491,0.8410406959203695,1.8941457268390438,0.36433852460395977,9.84740232563267,0.6561766568136173
fixed,cond,host_type_2domestic,-1.347379527662239,0.7242264943782385,-1.8604394317539965,0.06282338021381305,enterococcus_hirae,K17716,-1.347379527662239,0.7242264943782385,0.2599204834410067,0.0628588553907406,1.0747675453562004,0.195923762022739
fixed,cond,host_type_2domestic,-0.5566041166817107,0.6606019985530263,-0.8425710456536446,0.3994683901596332,enterococcus_hirae,K19068,-0.5566041166817107,0.6606019985530263,0.5731521205095642,0.1570196952820055,2.0921155951463404,0.6125181982447709
fixed,cond,host_type_2domestic,-1.4592027096148312,0.6008669040685405,-2.4284957279796875,0.015161603731535873,enterococcus_hirae,K24258,-1.4592027096148312,0.6008669040685405,0.23242150831135278,0.07158270091145824,0.7546482158104384,0.08086188656819132
fixed,cond,host_type_2domestic,-0.4139021773550946,0.66607750798673,-0.6214024229794899,0.5343348782321737,enterococcus_hirae,K07316,-0.4139021773550946,0.66607750798673,0.6610656152900016,0.17917109476093485,2.4390527294697897,0.7324896921559612
fixed,cond,host_type_2domestic,-4.688554485683502,1.204462205407288,-3.892653887050006,9.91535644518866e-5,enterococcus_hirae,K07493,-4.688554485683502,1.204462205407288,0.009199975245074795,8.68016001746711e-4,0.09750919837845,0.001719335520668199
fixed,cond,host_type_2domestic,-3.4827955980284786,0.7749916469182432,-4.493978240769209,6.990477443484321e-6,enterococcus_hirae,K18234,-3.4827955980284786,0.7749916469182432,0.030721406168732833,0.006725969327329531,0.14032249495240898,1.6078098120013938e-4
fixed,cond,host_type_2domestic,1.9919189253724894,1.7884661831008926,1.1137582271300455,0.2653829221160675,enterococcus_hirae,K18799,1.9919189253724894,1.7884661831008926,7.329585203180797,0.22014369351384688,244.03524077017343,0.5009796577964162
fixed,cond,host_type_2domestic,-0.4247838693764907,0.7818716906120367,-0.5432910213745898,0.5869294452202187,enterococcus_hirae,K04095,-0.4247838693764907,0.7818716906120367,0.6539111000718321,0.14124597810186504,3.027340902328372,0.7659221129114911
fixed,cond,host_type_2domestic,0.14003890792214174,0.8690703297233241,0.16113645021884973,0.8719859322236316,enterococcus_hirae,K06400,0.14003890792214174,0.8690703297233241,1.1503185544913037,0.20943560986630502,6.318088779895927,0.9607509672404085
fixed,cond,host_type_2domestic,-0.061898017083380795,0.6986609877188255,-0.08859521022560875,0.9294036148037417,enterococcus_hirae,K06919,-0.061898017083380795,0.6986609877188255,0.9399787436769637,0.23900434363463569,3.6968367399850077,0.9984175233591237
fixed,cond,host_type_2domestic,-2.6377212497396036,0.6791391816385686,-3.8839185266494813,1.0278636264864235e-4,enterococcus_hirae,K15773,-2.6377212497396036,0.6791391816385686,0.07152406948771521,0.018895451528430095,0.2707367171610821,0.001719335520668199
fixed,cond,host_type_2domestic,0.4339747586215022,0.857015776379583,0.5063789612541384,0.6125906410454558,enterococcus_hirae,K19158,0.4339747586215022,0.857015776379583,1.5433799105883292,0.28771750573750365,8.27902891171611,0.7882285171493977
fixed,cond,host_type_2domestic,-0.5593076577426276,0.6275947406983657,-0.8911923913196744,0.3728259655900745,enterococcus_hirae,K07492,-0.5593076577426276,0.6275947406983657,0.5716046729541595,0.1670614868644983,1.9557583754060581,0.5923259270849819
fixed,cond,host_type_2domestic,1.1594601947934198,1.1099966396285115,1.0445618963148056,0.2962254980272761,enterococcus_hirae,K07482,1.1594601947934198,1.1099966396285115,3.188211798198267,0.36199198116541675,28.07988850318135,0.5313321081623302
fixed,cond,host_type_2domestic,-0.1183845217505805,0.7544481497780622,-0.15691538482188067,0.8753115347294116,enterococcus_hirae,K20331,-0.1183845217505805,0.7544481497780622,0.8883543953442675,0.2024822814420158,3.8974942701515944,0.961536253075891
fixed,cond,host_type_2domestic,1.2869010830829535,0.6877146109772115,1.871271981926231,0.06130739197883841,enterococcus_hirae,K22721,1.2869010830829535,0.6877146109772115,3.6215462773788696,0.9408048426914579,13.940826879329832,0.19283008759156012
fixed,cond,host_type_2domestic,1.1091725154557408,0.7000506340707804,1.584417557064301,0.1130987291426752,enterococcus_hirae,K06223,1.1091725154557408,0.7000506340707804,3.031848548335179,0.768798227151601,11.956460480012948,0.29942685125542784
fixed,cond,host_type_2domestic,-3.321532264455145,0.9175086620749794,-3.620164475552065,2.9441580634026937e-4,enterococcus_hirae,K01156,-3.321532264455145,0.9175086620749794,0.03609747847375882,0.005976923895450604,0.2180097948302964,0.004514375697217464
fixed,cond,host_type_2domestic,-1.2840083714319395,0.6167556467231738,-2.0818753395350056,0.03735385783631641,enterococcus_hirae,K00980,-1.2840083714319395,0.6167556467231738,0.27692505431806896,0.08267405594823933,0.9275882842506005,0.14628976249954026
fixed,cond,host_type_2domestic,-0.9200165775367087,0.6071941084275858,-1.5151935184602179,0.1297234040102232,enterococcus_hirae,K19171,-0.9200165775367087,0.6071941084275858,0.3985124346752406,0.1212237787777362,1.310074328585071,0.32697733732376605
fixed,cond,host_type_2domestic,0.9360732087529422,0.6209315289908235,1.507530484519455,0.13167473601914037,enterococcus_hirae,K08217,0.9360732087529422,0.6209315289908235,2.5499486169533454,0.7550641336801228,8.611504187612365,0.32740745172326796
fixed,cond,host_type_2domestic,-4.91033590284926,1.744777257043471,-2.8143053120544654,0.004888277724991344,akkermansia_muciniphila,K00571,-4.91033590284926,1.744777257043471,0.007370012307406402,2.4114809125582755e-4,0.22524367134093692,0.04283062387611464
fixed,cond,host_type_2domestic,-2.866886057579036,1.2016986255446998,-2.3856947129980686,0.017046895580111993,akkermansia_muciniphila,K00980,-2.866886057579036,1.2016986255446998,0.056875758952570514,0.00539536318541806,0.5995614836779988,0.08712857740946128
fixed,cond,host_type_2domestic,0.1449966237624671,0.7841981285271036,0.18489794668957274,0.8533090815287567,akkermansia_muciniphila,K01153,0.1449966237624671,0.7841981285271036,1.1560356672104237,0.24856977002840494,5.376431992152274,0.95156891515934094
fixed,cond,host_type_2domestic,1.3393041973250397,0.9008494113987572,1.486712629634169,0.13709072559505794,akkermansia_muciniphila,K01154,1.3393041973250397,0.9008494113987572,3.816387128943594,0.6528808388237826,22.30852837434471,0.32973455567961646
fixed,cond,host_type_2domestic,-0.025661272924617083,0.7555356716417222,-0.03396434329679903,0.9729055842132107,akkermansia_muciniphila,K02315,-0.025661272924617083,0.7555356716417222,0.974665179186078,0.22168203704572684,4.2852917817688425,0.999672712609212
fixed,cond,host_type_2domestic,-1.3733757141797618,0.7313382814375021,-1.8778939227415872,0.060395677929381664,akkermansia_muciniphila,K03427,-1.3733757141797618,0.7313382814375021,0.2532506132895774,0.06039803269798317,1.0618867911187562,0.19283008759156012
fixed,cond,host_type_2domestic,3.8722589739356996,1.304588998987809,2.96818306527195,0.0029956585749640052,akkermansia_muciniphila,K03580,3.8722589739356996,1.304588998987809,48.05080909766907,3.7257364460174967,619.7111063528495,0.028934430017523445
fixed,cond,host_type_2domestic,-0.5124539474369788,0.7024964172187246,-0.7294755316558783,0.4657108297679006,akkermansia_muciniphila,K07741,-0.5124539474369788,0.7024964172187246,0.5990238007972362,0.15117050225346054,2.3736741531752945,0.6720846484493624
fixed,cond,host_type_2domestic,-0.7559337260775865,0.8116817490111139,-0.9313178804359638,0.3516891554536954,akkermansia_muciniphila,K09952,-0.7559337260775865,0.8116817490111139,0.4695719583871251,0.0956719665316691,2.3047276239537866,0.5845029532604212
fixed,cond,host_type_2domestic,1.6416633416466857,1.5461202219268702,1.061795401395594,0.2883285779171561,akkermansia_muciniphila,K12984,1.6416633416466857,1.5461202219268702,5.163751455753495,0.249391259283283,106.91765691157755,0.5313321081623302
fixed,cond,host_type_2domestic,0.07162461256720613,1.3577727460078726,0.052751546809138,0.9579298677530866,akkermansia_muciniphila,K12988,0.07162461256720613,1.3577727460078726,1.074252007661512,0.07504930588785771,15.376789462772347,0.999672712609212
fixed,cond,host_type_2domestic,-0.05900035800944081,1.2093587581286391,-0.048786480945272125,0.9610894559884714,akkermansia_muciniphila,K15342,-0.05900035800944081,1.2093587581286391,0.9427064316592368,0.088094645629587,10.087961759088099,0.999672712609212
fixed,cond,host_type_2domestic,0.3771706261822761,0.7929434468346632,0.4756589233291438,0.6343173894835487,akkermansia_muciniphila,K22299,0.3771706261822761,0.7929434468346632,1.4581530872410633,0.30820241213133276,6.898746869393781,0.8105166643400898
fixed,cond,host_type_2domestic,-33.455591451506756,NA,NA,NA,akkermansia_muciniphila,K00558,-33.455591451506756,NA,2.9540731398621084e-15,NA,NA,NA
fixed,cond,host_type_2domestic,-0.011952155450084354,0.6415522306499006,-0.018630058285319447,0.9851362239498583,akkermansia_muciniphila,K01156,-0.011952155450084354,0.6415522306499006,0.9881189878392328,0.2810017090821824,3.474637707071297,0.999672712609212
fixed,cond,host_type_2domestic,0.5039555234141756,0.8000869403306969,0.6298759522382374,0.5287757476297643,akkermansia_muciniphila,K07316,0.5039555234141756,0.8000869403306969,1.6552557413958013,0.344998613902076,7.941688630092428,0.7324896921559612
fixed,cond,host_type_2domestic,16255.885074256978,NA,NA,NA,akkermansia_muciniphila,K07483,16255.885074256978,NA,Inf,NA,NA,NA
fixed,cond,host_type_2domestic,-0.5648685930707616,1.5321228979327268,-0.3686836048419689,0.7123635706291525,akkermansia_muciniphila,K09384,-0.5648685930707616,1.5321228979327268,0.5684348381265015,0.028217033092152014,11.451174336460298,0.873832646638427
fixed,cond,host_type_2domestic,-0.04639464197400467,1.0220132076160562,-0.045395344823600296,0.9637921914569387,akkermansia_muciniphila,K18831,-0.04639464197400467,1.0220132076160562,0.9546651369059261,0.12879406714630598,7.076300514590517,0.999672712609212
fixed,cond,host_type_2domestic,-32.3769222850556,NA,NA,NA,akkermansia_muciniphila,K01160,-32.3769222850556,NA,8.687229813952831e-15,NA,NA,NA
fixed,cond,host_type_2domestic,1.0624396951962227,0.641869713613617,1.65522639978582,0.09787858201983209,akkermansia_muciniphila,K06223,1.0624396951962227,0.641869713613617,2.893421451697557,0.8223205935433926,10.18080753768916,0.27082194122780606
fixed,cond,host_type_2domestic,-1.1939133182210937,0.6747284231753479,-1.769472393948373,0.07681507375200519,akkermansia_muciniphila,K19171,-1.1939133182210937,0.6747284231753479,0.30303307584642564,0.08075131536640674,1.1371832723748703,0.22258226095069222
fixed,cond,host_type_2domestic,0.0517053838949673,1.2054319383903156,0.04289365682811802,0.9657863052164921,akkermansia_muciniphila,K07458,0.0517053838949673,1.2054319383903156,1.0530654467662761,0.09916786929931468,11.182521546630838,0.999672712609212
fixed,cond,host_type_2domestic,-1.7134398608490855,0.6516685051892581,-2.6293120615848498,0.008555780870828287,akkermansia_muciniphila,K22721,-1.7134398608490855,0.6516685051892581,0.18024470829240818,0.05025173873148253,0.6465080748949612,0.061391252724943064
fixed,cond,host_type_2domestic,0.49466308446737,0.798188311224016,0.6197323081677402,0.5354340412770477,akkermansia_muciniphila,K06400,0.49466308446737,0.798188311224016,1.6399456228167784,0.3430819271983769,7.8390070493011805,0.7324896921559612
fixed,cond,host_type_2domestic,-2.2343319697555186,0.5300358754966433,-4.215435356450072,2.4929679607566506e-5,akkermansia_muciniphila,K04095,-2.2343319697555186,0.5300358754966433,0.10706362771048449,0.03788491429929661,0.30256424200864673,4.8284853134655125e-4
fixed,cond,host_type_2domestic,-0.7573601708330048,0.527151628639859,-1.4367027050397683,0.1508024860257386,akkermansia_muciniphila,K15773,-0.7573601708330048,0.527151628639859,0.46890261743223444,0.16686380087065364,1.3176594533240609,0.35289968018955786
fixed,cond,host_type_2domestic,0.5596964915432178,1.0470929781040519,0.5345241571160642,0.5929789406551322,akkermansia_muciniphila,K06871,0.5596964915432178,1.0470929781040519,1.750141237012733,0.2247861562131243,13.626258845711,0.7710821560462496
fixed,cond,host_type_2domestic,78.29080610724502,NA,NA,NA,akkermansia_muciniphila,K09144,78.29080610724502,NA,10029171921955688e18,NA,NA,NA
fixed,cond,host_type_2domestic,45.73364018305284,NA,NA,NA,bacteroides_fragilis,K02315,45.73364018305284,NA,72755791356639306e3,NA,NA,NA
fixed,cond,host_type_2domestic,1.7994714596387134,0.6492015423296756,2.7718225270711248,0.005574341902655182,bacteroides_fragilis,K03205,1.7994714596387134,0.6492015423296756,6.046450826406968,1.6939048683812106,21.58301111153654,0.04459473522124146
fixed,cond,host_type_2domestic,-0.04107992628961314,1.0545441885971902,-0.03895514928042969,0.9689261471382837,bacteroides_fragilis,K04095,-0.04107992628961314,1.0545441885971902,0.9597524174324937,0.12148232063814275,7.582376578985953,0.999672712609212
fixed,cond,host_type_2domestic,49.32112715392615,NA,NA,NA,bacteroides_fragilis,K06075,49.32112715392615,NA,26296222404181015e5,NA,NA,NA
fixed,cond,host_type_2domestic,48.34263506942822,NA,NA,NA,bacteroides_fragilis,K06400,48.34263506942822,NA,9884157368577352e5,NA,NA,NA
fixed,cond,host_type_2domestic,107.62680523016782,NA,NA,NA,bacteroides_fragilis,K06871,107.62680523016782,NA,5517312922915521e31,NA,NA,NA
fixed,cond,host_type_2domestic,-0.15484398261801025,0.5271235463956585,-0.29375273344701713,0.7689468555393838,bacteroides_fragilis,K07317,-0.15484398261801025,0.5271235463956585,0.8565488035612252,0.3048284457558823,2.406848386681473,0.9157684234255445
fixed,cond,host_type_2domestic,-1.5106517685648193,0.5870821960896283,-2.5731520707437565,0.010077691680823177,bacteroides_fragilis,K09144,-1.5106517685648193,0.5870821960896283,0.2207660426914262,0.06985505176112092,0.6976967932440704,0.06394121618177465
fixed,cond,host_type_2domestic,-1.782305099059503,0.587842355684038,-3.0319439928508354,0.002429842835551645,bacteroides_fragilis,K09384,-1.782305099059503,0.587842355684038,0.16824986731773162,0.05315856092176305,0.5325203948635304,0.02483839343008348
fixed,cond,host_type_2domestic,51.682232121603406,NA,NA,NA,bacteroides_fragilis,K12063,51.682232121603406,NA,27880992067121286e6,NA,NA,NA
fixed,cond,host_type_2domestic,-0.18602846798561232,0.656151645397197,-0.28351444256914304,0.7767825120847947,bacteroides_fragilis,K12988,-0.18602846798561232,0.656151645397197,0.830249959101611,0.22944643097366094,3.0042524159696167,0.9170572324615931
fixed,cond,host_type_2domestic,0.9685113080292322,0.7649656549526341,1.2660846951216411,0.2054827614211195,bacteroides_fragilis,K15915,0.9685113080292322,0.7649656549526341,2.6340202942794293,0.5881217023715283,11.796985016364824,0.4280838319836449
fixed,cond,host_type_2domestic,-0.08320296144532657,0.5147615021134041,-0.16163400157884497,0.871594079983935,bacteroides_fragilis,K17716,-0.08320296144532657,0.5147615021134041,0.9201643703759672,0.33549926759852944,2.523708843151917,0.9607509672404085
fixed,cond,host_type_2domestic,-1.1290149645346936,1.0421482199776126,-1.0833535411680184,0.2786515286940547,bacteroides_fragilis,K18831,-1.1290149645346936,1.0421482199776126,0.3233516124065282,0.04193537753642169,2.493271108745653,0.5178977907041016
fixed,cond,host_type_2domestic,-1.1645898886299348,0.59057494063975835,-1.9719595405933703,0.04861422541448518,bacteroides_fragilis,K19068,-1.1645898886299348,0.59057494063975835,0.3120506112978582,0.09806578281530301,0.9929618794229591,0.1687739146465146
fixed,cond,host_type_2domestic,-1.7048715234708394,1.039519564135811,-1.6400571786141982,0.10099327880289286,bacteroides_fragilis,K19429,-1.7048715234708394,1.039519564135811,0.1817957411608922,0.023698823600634834,1.394570973698154,0.27735467611540726
fixed,cond,host_type_2domestic,1.810657495917562,0.6492175134093188,2.7889843673640677,0.00528736171260171,bacteroides_fragilis,K19430,1.810657495917562,0.6492175134093188,6.114466347537201,1.7129057024479977,21.826478049395103,0.04364092318035488
fixed,cond,host_type_2domestic,0.013675942843708851,0.7720807078139111,0.017713100075290394,0.9858677299390087,bacteroides_fragilis,K24258,0.013675942843708851,0.7720807078139111,1.0137698863167195,0.2232189290561828,4.604131857222295,0.999672712609212
fixed,cond,host_type_2domestic,1.2027354094386815,0.5173736628643678,2.3246939219516958,0.020088332520446846,bacteroides_fragilis,K00571,1.2027354094386815,0.5173736628643678,3.329211234567082,1.2076581006928517,9.177802424385527,0.0998987346962762
fixed,cond,host_type_2domestic,-0.4612525570888105,0.7684855500600701,-0.6002097984181431,0.5483664243118612,bacteroides_fragilis,K01153,-0.4612525570888105,0.7684855500600701,0.6304934217052235,0.13980813855071433,2.8433391570360036,0.7419075152454594
fixed,cond,host_type_2domestic,-2.158435384094885,1.0385121649077003,-2.0783920083273366,0.0376732681854737,bacteroides_fragilis,K01154,-2.158435384094885,1.0385121649077003,0.11550570178961718,0.015087039313910042,0.884306514241746,0.14628976249954026
fixed,cond,host_type_2domestic,-0.6784368680451571,0.5269052926435858,-1.287587878727329,0.19788946098075297,bacteroides_fragilis,K03427,-0.6784368680451571,0.5269052926435858,0.5074095208271335,0.18065407908003986,1.425179122094166,0.4247476578853218
fixed,cond,host_type_2domestic,-1.0638544194623871,0.5166420320224694,-2.059171251122903,0.039477836165847324,bacteroides_fragilis,K06904,-1.0638544194623871,0.5166420320224694,0.345122994577439,0.1253716438155508,0.9500543963620334,0.14628976249954026
fixed,cond,host_type_2domestic,53.59598920325342,NA,NA,NA,bacteroides_fragilis,K07341,53.59598920325342,NA,18899153966461962e7,NA,NA,NA
fixed,cond,host_type_2domestic,2.039614696236051,1.0387068982148044,1.963609464557786,0.04957539896948795,bacteroides_fragilis,K07451,2.039614696236051,1.0387068982148044,7.687646549004334,1.003756212685887,58.87874836089593,0.16885525716827224
fixed,cond,host_type_2domestic,51.23501012576553,NA,NA,NA,bacteroides_fragilis,K07493,51.23501012576553,NA,17827160638409616e6,NA,NA,NA
fixed,cond,host_type_2domestic,0.9584167736109885,0.6682612736746286,1.4341946950492217,0.15151671051616886,bacteroides_fragilis,K08217,0.9584167736109885,0.6682612736746286,2.607564838166322,0.7037195822860122,9.662079266223808,0.35289968018955786
fixed,cond,host_type_2domestic,-2.544816258306906,0.5416899142656513,-4.697920694640989,2.6282343725902725e-6,bacteroides_fragilis,K09952,-2.544816258306906,0.5416899142656513,0.07848747207689978,0.02714592081085706,0.22693219051012287,6.908501779380145e-5
fixed,cond,host_type_2domestic,-1.0079410563945248,1.0428297027010696,-0.9665442533750443,0.333771914189332,bacteroides_fragilis,K15342,-1.0079410563945248,1.0428297027010696,0.36496965844804824,0.04726962942773786,2.8179372929359467,0.5813975829974077
fixed,cond,host_type_2domestic,0.5843384313236935,0.5149059575742281,1.1348449609644613,0.25644028418253406,bacteroides_fragilis,K18234,0.5843384313236935,0.5149059575742281,1.7938038685525857,0.6538500432246075,4.921208390482405,0.4889638579231737
fixed,cond,host_type_2domestic,-2.7246575220250406,1.038119381780976,-2.624609047709595,0.008674850928524564,bacteroides_fragilis,K00558,-2.7246575220250406,1.038119381780976,0.06556865469323153,0.008570994486702916,0.5016043919932637,0.061391252724943064
fixed,cond,host_type_2domestic,2.2939715934114506,1.0383589001019053,2.2092280358807717,0.02715878377427757,bacteroides_fragilis,K07458,2.2939715934114506,1.0383589001019053,9.914234903245626,1.2953593528576282,75.88014360640283,0.11898133843969223
fixed,cond,host_type_2domestic,1.354229371990551,0.5181235107078458,2.6137192078785247,0.008956260946986361,bacteroides_fragilis,K07492,1.354229371990551,0.5181235107078458,3.87377456689964,1.403132575569064,10.69473380950657,0.06174353276082484
fixed,cond,host_type_2domestic,-0.37819239473259425,0.6516632072228244,-0.5803494666275952,0.5616789754082652,bacteroides_fragilis,K20331,-0.37819239473259425,0.6516632072228244,0.6850986786082707,0.19100564796232467,2.4573105792315553,0.7543717625921225
fixed,cond,host_type_2domestic,48.34263506942822,NA,NA,NA,bacteroides_fragilis,K07487,48.34263506942822,NA,9884157368577352e5,NA,NA,NA
fixed,cond,host_type_2domestic,2.0824284613830977,0.7631770085308796,2.7286310228236372,0.006359781986851301,bacteroides_fragilis,K22721,2.0824284613830977,0.7631770085308796,8.023931079941056,1.797868011171236,35.81101036093351,0.04875832856585998
fixed,cond,host_type_2domestic,136.78393852610398,NA,NA,NA,bacteroides_fragilis,K07486,136.78393852610398,NA,25381057610774465e43,NA,NA,NA
fixed,cond,host_type_2domestic,0.8101024762372075,0.5868881779931381,1.3803353119283301,0.16748342732095248,bacteroides_fragilis,K07497,0.8101024762372075,0.5868881779931381,2.248138355632005,0.711629155248538,7.102190837443431,0.3735387954794577
fixed,cond,host_type_2domestic,107.62680523017467,NA,NA,NA,bacteroides_fragilis,K19158,107.62680523017467,NA,5517312922953313e31,NA,NA,NA
fixed,cond,host_type_2domestic,-0.9718283805825193,1.0431832349586696,-0.9315989253038779,0.35154383873929884,bacteroides_fragilis,K03892,-0.9718283805825193,1.0431832349586696,0.3783905632840355,0.04897391247567457,2.923585458963017,0.5845029532604212
fixed,cond,host_type_2domestic,-4608.753438114648,NA,NA,NA,bacteroides_fragilis,K06919,-4608.753438114648,NA,0,NA,NA,NA
fixed,cond,host_type_2domestic,-0.026843311501852176,1.0546153215433167,-0.02545317800102682,0.9796934949164684,bacteroides_fragilis,K03580,-0.026843311501852176,1.0546153215433167,0.9735137679846855,0.12320700857375837,7.692168387388272,0.999672712609212
fixed,cond,host_type_2domestic,2.0787565906383643,0.6498245921437792,3.198950325626368,0.0013792893227560234,bacteroides_fragilis,K06909,2.0787565906383643,0.6498245921437792,7.99452226787155,2.2369210521345395,28.571587821799465,0.016919282359140555
fixed,cond,host_type_2domestic,-2.057500443535656,0.6497993889170571,-3.1663625399288935,0.0015435828109591557,bacteroides_fragilis,K07741,-2.057500443535656,0.6497993889170571,0.12777294677346232,0.03575349523488925,0.456624613060005,0.017213287104029373
fixed,cond,host_type_2domestic,-0.039984001087096474,0.5511581501084762,-0.0725454229048904,0.9421678584196903,bacteroides_fragilis,K10421,-0.039984001087096474,0.5511581501084762,0.9608048108618439,0.3261969381366067,2.830026210082521,0.999672712609212
fixed,cond,host_type_2domestic,-0.07201871920284789,1.053778832170541,-0.06834329652884179,0.9455123590316077,bacteroides_fragilis,K21029,-0.07201871920284789,1.053778832170541,0.9305134771776428,0.1179581674794417,7.340359296104976,0.999672712609212
fixed,cond,host_type_2domestic,-1.4653670459080952,0.5873834175967267,-2.4947368311887823,0.012605057818053099,bacteroides_fragilis,K07482,-1.4653670459080952,0.5873834175967267,0.23099319080992864,0.07304799819355354,0.7304492322865721,0.07028274662187182
fixed,cond,host_type_2domestic,1.1792548335331752,0.5279969227677362,2.2334502014738535,0.025519270800742042,bacteroides_fragilis,K18799,1.1792548335331752,0.5279969227677362,3.2519500556719585,1.1553240471284036,9.153431187440278,0.11452550798381796
fixed,cond,host_type_2domestic,-0.822006124579245,0.6498468914216274,-1.2649227617000616,0.2058990170138727,bacteroides_fragilis,K06223,-0.822006124579245,0.6498468914216274,0.4395489794125472,0.122983382819406,1.5709708163282492,0.4280838319836449
fixed,cond,host_type_2domestic,-0.9718283805825193,1.0431832349586696,-0.9315989253038779,0.35154383873929884,bacteroides_fragilis,K07483,-0.9718283805825193,1.0431832349586696,0.3783905632840355,0.04897391247567457,2.923585458963017,0.5845029532604212
fixed,cond,host_type_2domestic,24.227209213612685,59062.81813745573,4.101939253428304e-4,0.999672712609212,bacteroides_fragilis,K20283,24.227209213612685,59062.81813745573,33246296474.289158,0,Inf,0.999672712609212
fixed,cond,host_type_2domestic,-0.935080321659836,1.0434507296885653,-0.896142285452161,0.37017677547875955,bacteroides_fragilis,K19171,-0.935080321659836,1.0434507296885653,0.39255433364953424,0.05078045452651104,3.034610585980067,0.5922828407660153
fixed,cond,host_type_2domestic,-1.1445318910816162,0.5279430804912449,-2.167907741146342,0.030165706760516497,bacteroides_fragilis,K22299,-1.1445318910816162,0.5279430804912449,0.3183729161153814,0.11312065021443171,0.8960460669530365,0.12908116381244267
fixed,cond,host_type_2domestic,0.3344511820152011,0.6683842171685802,0.5003876115327924,0.616802174742821,bacteroides_fragilis,K00980,0.3344511820152011,0.6683842171685802,1.3971733808895181,0.37697293534941484,5.178338477951629,0.7908822310291223
fixed,cond,host_type_2domestic,-1.1924191929070915,0.5171846760233725,-2.305596527096646,0.021133187525577316,bacteroides_fragilis,K12984,-1.1924191929070915,0.5171846760233725,0.30348618365165503,0.11012918888368509,0.8363256335677112,0.10232911854490069
fixed,cond,host_type_2domestic,-0.02626901049773205,1.0546305629967816,-0.024908258322314726,0.9801281400903477,bacteroides_fragilis,K07455,-0.02626901049773205,1.0546305629967816,0.974073018492857,0.12327410415156712,7.69681720168253,0.999672712609212
